subject_id,item,valence,arousal,valence_z_within96,arousal_z_within96
sub-001,1,6,5,0.519291464,0.325380474
sub-001,2,5,3,-0.005466226,-0.790209722
sub-001,3,7,6,1.044049154,0.883175572
sub-001,4,6,4,0.519291464,-0.232414624
sub-001,5,7,5,1.044049154,0.325380474
sub-001,6,6,5,0.519291464,0.325380474
sub-001,7,6,4,0.519291464,-0.232414624
sub-001,8,8,7,1.568806844,1.440970669
sub-001,9,6,4,0.519291464,-0.232414624
sub-001,10,8,7,1.568806844,1.440970669
sub-001,11,7,5,1.044049154,0.325380474
sub-001,12,5,3,-0.005466226,-0.790209722
sub-001,13,7,5,1.044049154,0.325380474
sub-001,14,8,7,1.568806844,1.440970669
sub-001,15,7,5,1.044049154,0.325380474
sub-001,16,8,7,1.568806844,1.440970669
sub-001,17,5,4,-0.005466226,-0.232414624
sub-001,18,5,4,-0.005466226,-0.232414624
sub-001,19,6,5,0.519291464,0.325380474
sub-001,20,7,5,1.044049154,0.325380474
sub-001,21,8,6,1.568806844,0.883175572
sub-001,22,6,5,0.519291464,0.325380474
sub-001,23,7,5,1.044049154,0.325380474
sub-001,24,8,5,1.568806844,0.325380474
sub-001,25,3,6,-1.054981606,0.883175572
sub-001,26,4,2,-0.530223916,-1.34800482
sub-001,27,4,6,-0.530223916,0.883175572
sub-001,28,2,6,-1.579739296,0.883175572
sub-001,29,2,10,-1.579739296,3.114355963
sub-001,30,2,9,-1.579739296,2.556560865
sub-001,31,2,7,-1.579739296,1.440970669
sub-001,32,3,4,-1.054981606,-0.232414624
sub-001,33,2,2,-1.579739296,-1.34800482
sub-001,34,4,3,-0.530223916,-0.790209722
sub-001,35,3,5,-1.054981606,0.325380474
sub-001,36,2,5,-1.579739296,0.325380474
sub-001,37,3,4,-1.054981606,-0.232414624
sub-001,38,3,5,-1.054981606,0.325380474
sub-001,39,4,3,-0.530223916,-0.790209722
sub-001,40,3,3,-1.054981606,-0.790209722
sub-001,41,2,2,-1.579739296,-1.34800482
sub-001,42,4,3,-0.530223916,-0.790209722
sub-001,43,4,3,-0.530223916,-0.790209722
sub-001,44,4,3,-0.530223916,-0.790209722
sub-001,45,3,2,-1.054981606,-1.34800482
sub-001,46,3,3,-1.054981606,-0.790209722
sub-001,47,4,3,-0.530223916,-0.790209722
sub-001,48,4,2,-0.530223916,-1.34800482
sub-001,49,7,6,1.044049154,0.883175572
sub-001,50,6,3,0.519291464,-0.790209722
sub-001,51,9,8,2.093564534,1.998765767
sub-001,52,6,4,0.519291464,-0.232414624
sub-001,53,6,5,0.519291464,0.325380474
sub-001,54,7,3,1.044049154,-0.790209722
sub-001,55,9,10,2.093564534,3.114355963
sub-001,56,7,5,1.044049154,0.325380474
sub-001,57,6,4,0.519291464,-0.232414624
sub-001,58,6,4,0.519291464,-0.232414624
sub-001,59,9,8,2.093564534,1.998765767
sub-001,60,8,7,1.568806844,1.440970669
sub-001,61,5,4,-0.005466226,-0.232414624
sub-001,62,6,5,0.519291464,0.325380474
sub-001,63,7,5,1.044049154,0.325380474
sub-001,64,7,5,1.044049154,0.325380474
sub-001,65,6,5,0.519291464,0.325380474
sub-001,66,5,3,-0.005466226,-0.790209722
sub-001,67,5,3,-0.005466226,-0.790209722
sub-001,68,6,4,0.519291464,-0.232414624
sub-001,69,6,6,0.519291464,0.883175572
sub-001,70,6,4,0.519291464,-0.232414624
sub-001,71,7,6,1.044049154,0.883175572
sub-001,72,6,4,0.519291464,-0.232414624
sub-001,73,4,3,-0.530223916,-0.790209722
sub-001,74,5,5,-0.005466226,0.325380474
sub-001,75,5,2,-0.005466226,-1.34800482
sub-001,76,4,3,-0.530223916,-0.790209722
sub-001,77,5,3,-0.005466226,-0.790209722
sub-001,78,5,3,-0.005466226,-0.790209722
sub-001,79,5,3,-0.005466226,-0.790209722
sub-001,80,3,2,-1.054981606,-1.34800482
sub-001,81,3,2,-1.054981606,-1.34800482
sub-001,82,4,4,-0.530223916,-0.232414624
sub-001,83,3,3,-1.054981606,-0.790209722
sub-001,84,4,3,-0.530223916,-0.790209722
sub-001,85,3,4,-1.054981606,-0.232414624
sub-001,86,4,4,-0.530223916,-0.232414624
sub-001,87,3,5,-1.054981606,0.325380474
sub-001,88,3,6,-1.054981606,0.883175572
sub-001,89,3,2,-1.054981606,-1.34800482
sub-001,90,5,3,-0.005466226,-0.790209722
sub-001,91,4,2,-0.530223916,-1.34800482
sub-001,92,5,3,-0.005466226,-0.790209722
sub-001,93,2,7,-1.579739296,1.440970669
sub-001,94,3,2,-1.054981606,-1.34800482
sub-001,95,2,5,-1.579739296,0.325380474
sub-001,96,3,2,-1.054981606,-1.34800482
sub-002,1,8,8,1.178720327,1.192518646
sub-002,2,9,8,1.5689174,1.192518646
sub-002,3,8,9,1.178720327,1.63453328
sub-002,4,7,9,0.788523253,1.63453328
sub-002,5,8,8,1.178720327,1.192518646
sub-002,6,9,7,1.5689174,0.750504013
sub-002,7,8,7,1.178720327,0.750504013
sub-002,8,8,6,1.178720327,0.30848938
sub-002,9,8,6,1.178720327,0.30848938
sub-002,10,8,8,1.178720327,1.192518646
sub-002,11,8,4,1.178720327,-0.575539887
sub-002,12,8,4,1.178720327,-0.575539887
sub-002,13,9,9,1.5689174,1.63453328
sub-002,14,9,8,1.5689174,1.192518646
sub-002,15,9,8,1.5689174,1.192518646
sub-002,16,9,8,1.5689174,1.192518646
sub-002,17,6,2,0.398326179,-1.459569154
sub-002,18,8,7,1.178720327,0.750504013
sub-002,19,7,3,0.788523253,-1.017554521
sub-002,20,6,3,0.398326179,-1.017554521
sub-002,21,8,8,1.178720327,1.192518646
sub-002,22,9,4,1.5689174,-0.575539887
sub-002,23,8,9,1.178720327,1.63453328
sub-002,24,7,7,0.788523253,0.750504013
sub-002,25,2,8,-1.162462115,1.192518646
sub-002,26,3,6,-0.772265042,0.30848938
sub-002,27,2,4,-1.162462115,-0.575539887
sub-002,28,2,9,-1.162462115,1.63453328
sub-002,29,2,3,-1.162462115,-1.017554521
sub-002,30,2,7,-1.162462115,0.750504013
sub-002,31,2,8,-1.162462115,1.192518646
sub-002,32,2,5,-1.162462115,-0.133525254
sub-002,33,2,7,-1.162462115,0.750504013
sub-002,34,2,7,-1.162462115,0.750504013
sub-002,35,3,7,-0.772265042,0.750504013
sub-002,36,2,8,-1.162462115,1.192518646
sub-002,37,2,8,-1.162462115,1.192518646
sub-002,38,2,7,-1.162462115,0.750504013
sub-002,39,3,3,-0.772265042,-1.017554521
sub-002,40,2,4,-1.162462115,-0.575539887
sub-002,41,1,8,-1.552659189,1.192518646
sub-002,42,2,4,-1.162462115,-0.575539887
sub-002,43,3,3,-0.772265042,-1.017554521
sub-002,44,3,3,-0.772265042,-1.017554521
sub-002,45,2,7,-1.162462115,0.750504013
sub-002,46,2,7,-1.162462115,0.750504013
sub-002,47,2,7,-1.162462115,0.750504013
sub-002,48,3,4,-0.772265042,-0.575539887
sub-002,49,6,3,0.398326179,-1.017554521
sub-002,50,7,4,0.788523253,-0.575539887
sub-002,51,6,2,0.398326179,-1.459569154
sub-002,52,6,3,0.398326179,-1.017554521
sub-002,53,7,3,0.788523253,-1.017554521
sub-002,54,7,3,0.788523253,-1.017554521
sub-002,55,7,8,0.788523253,1.192518646
sub-002,56,6,2,0.398326179,-1.459569154
sub-002,57,8,3,1.178720327,-1.017554521
sub-002,58,7,4,0.788523253,-0.575539887
sub-002,59,8,6,1.178720327,0.30848938
sub-002,60,6,4,0.398326179,-0.575539887
sub-002,61,7,2,0.788523253,-1.459569154
sub-002,62,7,3,0.788523253,-1.017554521
sub-002,63,7,3,0.788523253,-1.017554521
sub-002,64,6,3,0.398326179,-1.017554521
sub-002,65,6,3,0.398326179,-1.017554521
sub-002,66,6,3,0.398326179,-1.017554521
sub-002,67,7,2,0.788523253,-1.459569154
sub-002,68,7,2,0.788523253,-1.459569154
sub-002,69,6,2,0.398326179,-1.459569154
sub-002,70,6,3,0.398326179,-1.017554521
sub-002,71,6,3,0.398326179,-1.017554521
sub-002,72,6,6,0.398326179,0.30848938
sub-002,73,5,4,0.008129106,-0.575539887
sub-002,74,3,4,-0.772265042,-0.575539887
sub-002,75,5,3,0.008129106,-1.017554521
sub-002,76,5,3,0.008129106,-1.017554521
sub-002,77,5,3,0.008129106,-1.017554521
sub-002,78,5,3,0.008129106,-1.017554521
sub-002,79,5,3,0.008129106,-1.017554521
sub-002,80,5,3,0.008129106,-1.017554521
sub-002,81,2,7,-1.162462115,0.750504013
sub-002,82,2,7,-1.162462115,0.750504013
sub-002,83,2,9,-1.162462115,1.63453328
sub-002,84,4,5,-0.382067968,-0.133525254
sub-002,85,2,4,-1.162462115,-0.575539887
sub-002,86,2,8,-1.162462115,1.192518646
sub-002,87,2,5,-1.162462115,-0.133525254
sub-002,88,2,8,-1.162462115,1.192518646
sub-002,89,2,4,-1.162462115,-0.575539887
sub-002,90,4,6,-0.382067968,0.30848938
sub-002,91,3,4,-0.772265042,-0.575539887
sub-002,92,2,4,-1.162462115,-0.575539887
sub-002,93,2,7,-1.162462115,0.750504013
sub-002,94,2,8,-1.162462115,1.192518646
sub-002,95,2,7,-1.162462115,0.750504013
sub-002,96,2,6,-1.162462115,0.30848938
sub-005,1,8,7,1.172169688,0.357619731
sub-005,2,7,8,0.720248844,1.194973249
sub-005,3,8,9,1.172169688,2.032326767
sub-005,4,7,6,0.720248844,-0.479733786
sub-005,5,6,6,0.268328001,-0.479733786
sub-005,6,7,6,0.720248844,-0.479733786
sub-005,7,6,6,0.268328001,-0.479733786
sub-005,8,7,7,0.720248844,0.357619731
sub-005,9,8,8,1.172169688,1.194973249
sub-005,10,8,8,1.172169688,1.194973249
sub-005,11,8,8,1.172169688,1.194973249
sub-005,12,6,6,0.268328001,-0.479733786
sub-005,13,7,8,0.720248844,1.194973249
sub-005,14,8,8,1.172169688,1.194973249
sub-005,15,8,8,1.172169688,1.194973249
sub-005,16,7,8,0.720248844,1.194973249
sub-005,17,6,6,0.268328001,-0.479733786
sub-005,18,7,6,0.720248844,-0.479733786
sub-005,19,9,8,1.624090531,1.194973249
sub-005,20,6,6,0.268328001,-0.479733786
sub-005,21,8,8,1.172169688,1.194973249
sub-005,22,7,7,0.720248844,0.357619731
sub-005,23,7,7,0.720248844,0.357619731
sub-005,24,7,7,0.720248844,0.357619731
sub-005,25,3,7,-1.08743453,0.357619731
sub-005,26,3,7,-1.08743453,0.357619731
sub-005,27,3,6,-1.08743453,-0.479733786
sub-005,28,3,8,-1.08743453,1.194973249
sub-005,29,3,4,-1.08743453,-2.154440821
sub-005,30,3,8,-1.08743453,1.194973249
sub-005,31,1,7,-1.991276217,0.357619731
sub-005,32,3,5,-1.08743453,-1.317087304
sub-005,33,3,8,-1.08743453,1.194973249
sub-005,34,3,7,-1.08743453,0.357619731
sub-005,35,3,6,-1.08743453,-0.479733786
sub-005,36,3,6,-1.08743453,-0.479733786
sub-005,37,4,8,-0.635513686,1.194973249
sub-005,38,4,5,-0.635513686,-1.317087304
sub-005,39,4,6,-0.635513686,-0.479733786
sub-005,40,3,6,-1.08743453,-0.479733786
sub-005,41,3,7,-1.08743453,0.357619731
sub-005,42,3,6,-1.08743453,-0.479733786
sub-005,43,4,5,-0.635513686,-1.317087304
sub-005,44,4,5,-0.635513686,-1.317087304
sub-005,45,3,7,-1.08743453,0.357619731
sub-005,46,4,5,-0.635513686,-1.317087304
sub-005,47,3,7,-1.08743453,0.357619731
sub-005,48,3,6,-1.08743453,-0.479733786
sub-005,49,7,8,0.720248844,1.194973249
sub-005,50,8,6,1.172169688,-0.479733786
sub-005,51,10,10,2.076011375,2.869680284
sub-005,52,7,6,0.720248844,-0.479733786
sub-005,53,6,5,0.268328001,-1.317087304
sub-005,54,8,6,1.172169688,-0.479733786
sub-005,55,8,9,1.172169688,2.032326767
sub-005,56,7,7,0.720248844,0.357619731
sub-005,57,9,9,1.624090531,2.032326767
sub-005,58,9,6,1.624090531,-0.479733786
sub-005,59,10,9,2.076011375,2.032326767
sub-005,60,8,8,1.172169688,1.194973249
sub-005,61,6,7,0.268328001,0.357619731
sub-005,62,7,6,0.720248844,-0.479733786
sub-005,63,8,8,1.172169688,1.194973249
sub-005,64,7,6,0.720248844,-0.479733786
sub-005,65,8,7,1.172169688,0.357619731
sub-005,66,6,6,0.268328001,-0.479733786
sub-005,67,7,6,0.720248844,-0.479733786
sub-005,68,6,6,0.268328001,-0.479733786
sub-005,69,7,5,0.720248844,-1.317087304
sub-005,70,7,6,0.720248844,-0.479733786
sub-005,71,7,7,0.720248844,0.357619731
sub-005,72,8,6,1.172169688,-0.479733786
sub-005,73,5,6,-0.183592843,-0.479733786
sub-005,74,4,5,-0.635513686,-1.317087304
sub-005,75,4,6,-0.635513686,-0.479733786
sub-005,76,6,5,0.268328001,-1.317087304
sub-005,77,5,6,-0.183592843,-0.479733786
sub-005,78,6,6,0.268328001,-0.479733786
sub-005,79,5,5,-0.183592843,-1.317087304
sub-005,80,3,6,-1.08743453,-0.479733786
sub-005,81,3,5,-1.08743453,-1.317087304
sub-005,82,4,6,-0.635513686,-0.479733786
sub-005,83,3,8,-1.08743453,1.194973249
sub-005,84,3,5,-1.08743453,-1.317087304
sub-005,85,2,8,-1.539355373,1.194973249
sub-005,86,5,6,-0.183592843,-0.479733786
sub-005,87,3,6,-1.08743453,-0.479733786
sub-005,88,2,8,-1.539355373,1.194973249
sub-005,89,3,6,-1.08743453,-0.479733786
sub-005,90,4,5,-0.635513686,-1.317087304
sub-005,91,4,6,-0.635513686,-0.479733786
sub-005,92,3,5,-1.08743453,-1.317087304
sub-005,93,2,6,-1.539355373,-0.479733786
sub-005,94,4,5,-0.635513686,-1.317087304
sub-005,95,2,6,-1.539355373,-0.479733786
sub-005,96,4,6,-0.635513686,-0.479733786
sub-006,1,6,5,0.400753796,-1.299496809
sub-006,2,6,5,0.400753796,-1.299496809
sub-006,3,6,6,0.400753796,-0.450845832
sub-006,4,6,6,0.400753796,-0.450845832
sub-006,5,6,5,0.400753796,-1.299496809
sub-006,6,9,8,1.543497293,1.246456123
sub-006,7,7,5,0.781668295,-1.299496809
sub-006,8,7,6,0.781668295,-0.450845832
sub-006,9,9,6,1.543497293,-0.450845832
sub-006,10,8,7,1.162582794,0.397805146
sub-006,11,8,7,1.162582794,0.397805146
sub-006,12,7,6,0.781668295,-0.450845832
sub-006,13,9,9,1.543497293,2.0951071
sub-006,14,8,7,1.162582794,0.397805146
sub-006,15,8,8,1.162582794,1.246456123
sub-006,16,8,8,1.162582794,1.246456123
sub-006,17,5,3,0.019839297,-2.996798764
sub-006,18,6,6,0.400753796,-0.450845832
sub-006,19,6,5,0.400753796,-1.299496809
sub-006,20,3,5,-0.741989701,-1.299496809
sub-006,21,7,7,0.781668295,0.397805146
sub-006,22,7,7,0.781668295,0.397805146
sub-006,23,6,5,0.400753796,-1.299496809
sub-006,24,7,6,0.781668295,-0.450845832
sub-006,25,3,6,-0.741989701,-0.450845832
sub-006,26,4,5,-0.361075202,-1.299496809
sub-006,27,2,7,-1.1229042,0.397805146
sub-006,28,1,7,-1.503818699,0.397805146
sub-006,29,1,7,-1.503818699,0.397805146
sub-006,30,4,6,-0.361075202,-0.450845832
sub-006,31,1,7,-1.503818699,0.397805146
sub-006,32,2,6,-1.1229042,-0.450845832
sub-006,33,1,9,-1.503818699,2.0951071
sub-006,34,4,6,-0.361075202,-0.450845832
sub-006,35,2,7,-1.1229042,0.397805146
sub-006,36,3,6,-0.741989701,-0.450845832
sub-006,37,1,7,-1.503818699,0.397805146
sub-006,38,2,7,-1.1229042,0.397805146
sub-006,39,3,7,-0.741989701,0.397805146
sub-006,40,2,6,-1.1229042,-0.450845832
sub-006,41,1,6,-1.503818699,-0.450845832
sub-006,42,4,7,-0.361075202,0.397805146
sub-006,43,2,5,-1.1229042,-1.299496809
sub-006,44,3,6,-0.741989701,-0.450845832
sub-006,45,4,5,-0.361075202,-1.299496809
sub-006,46,1,6,-1.503818699,-0.450845832
sub-006,47,3,7,-0.741989701,0.397805146
sub-006,48,2,6,-1.1229042,-0.450845832
sub-006,49,10,8,1.924411792,1.246456123
sub-006,50,8,6,1.162582794,-0.450845832
sub-006,51,7,7,0.781668295,0.397805146
sub-006,52,6,6,0.400753796,-0.450845832
sub-006,53,7,5,0.781668295,-1.299496809
sub-006,54,7,7,0.781668295,0.397805146
sub-006,55,7,7,0.781668295,0.397805146
sub-006,56,7,7,0.781668295,0.397805146
sub-006,57,10,8,1.924411792,1.246456123
sub-006,58,8,8,1.162582794,1.246456123
sub-006,59,8,8,1.162582794,1.246456123
sub-006,60,7,6,0.781668295,-0.450845832
sub-006,61,7,7,0.781668295,0.397805146
sub-006,62,7,4,0.781668295,-2.148147786
sub-006,63,6,6,0.400753796,-0.450845832
sub-006,64,7,7,0.781668295,0.397805146
sub-006,65,6,6,0.400753796,-0.450845832
sub-006,66,9,8,1.543497293,1.246456123
sub-006,67,7,5,0.781668295,-1.299496809
sub-006,68,10,9,1.924411792,2.0951071
sub-006,69,7,6,0.781668295,-0.450845832
sub-006,70,7,6,0.781668295,-0.450845832
sub-006,71,7,7,0.781668295,0.397805146
sub-006,72,10,8,1.924411792,1.246456123
sub-006,73,4,8,-0.361075202,1.246456123
sub-006,74,4,6,-0.361075202,-0.450845832
sub-006,75,3,7,-0.741989701,0.397805146
sub-006,76,5,5,0.019839297,-1.299496809
sub-006,77,3,6,-0.741989701,-0.450845832
sub-006,78,5,5,0.019839297,-1.299496809
sub-006,79,4,5,-0.361075202,-1.299496809
sub-006,80,4,8,-0.361075202,1.246456123
sub-006,81,1,10,-1.503818699,2.943758078
sub-006,82,4,6,-0.361075202,-0.450845832
sub-006,83,3,8,-0.741989701,1.246456123
sub-006,84,1,7,-1.503818699,0.397805146
sub-006,85,3,6,-0.741989701,-0.450845832
sub-006,86,4,7,-0.361075202,0.397805146
sub-006,87,2,6,-1.1229042,-0.450845832
sub-006,88,3,7,-0.741989701,0.397805146
sub-006,89,1,8,-1.503818699,1.246456123
sub-006,90,2,6,-1.1229042,-0.450845832
sub-006,91,3,6,-0.741989701,-0.450845832
sub-006,92,3,6,-0.741989701,-0.450845832
sub-006,93,2,7,-1.1229042,0.397805146
sub-006,94,2,8,-1.1229042,1.246456123
sub-006,95,4,7,-0.361075202,0.397805146
sub-006,96,2,8,-1.1229042,1.246456123
sub-007,1,7,4,0.494535355,-0.560944677
sub-007,2,9,9,1.153915828,1.270711411
sub-007,3,7,4,0.494535355,-0.560944677
sub-007,4,7,3,0.494535355,-0.927275894
sub-007,5,8,7,0.824225592,0.538048976
sub-007,6,9,9,1.153915828,1.270711411
sub-007,7,9,9,1.153915828,1.270711411
sub-007,8,9,9,1.153915828,1.270711411
sub-007,9,9,6,1.153915828,0.171717758
sub-007,10,10,10,1.483606065,1.637042628
sub-007,11,8,1,0.824225592,-1.659938329
sub-007,12,6,5,0.164845118,-0.194613459
sub-007,13,10,10,1.483606065,1.637042628
sub-007,14,10,9,1.483606065,1.270711411
sub-007,15,10,10,1.483606065,1.637042628
sub-007,16,10,8,1.483606065,0.904380193
sub-007,17,8,8,0.824225592,0.904380193
sub-007,18,9,9,1.153915828,1.270711411
sub-007,19,8,7,0.824225592,0.538048976
sub-007,20,7,3,0.494535355,-0.927275894
sub-007,21,9,8,1.153915828,0.904380193
sub-007,22,8,6,0.824225592,0.171717758
sub-007,23,10,10,1.483606065,1.637042628
sub-007,24,8,9,0.824225592,1.270711411
sub-007,25,2,7,-1.153915828,0.538048976
sub-007,26,2,8,-1.153915828,0.904380193
sub-007,27,1,10,-1.483606065,1.637042628
sub-007,28,2,3,-1.153915828,-0.927275894
sub-007,29,1,10,-1.483606065,1.637042628
sub-007,30,1,8,-1.483606065,0.904380193
sub-007,31,1,9,-1.483606065,1.270711411
sub-007,32,2,2,-1.153915828,-1.293607112
sub-007,33,1,8,-1.483606065,0.904380193
sub-007,34,3,9,-0.824225592,1.270711411
sub-007,35,2,8,-1.153915828,0.904380193
sub-007,36,2,2,-1.153915828,-1.293607112
sub-007,37,2,6,-1.153915828,0.171717758
sub-007,38,2,7,-1.153915828,0.538048976
sub-007,39,2,3,-1.153915828,-0.927275894
sub-007,40,2,2,-1.153915828,-1.293607112
sub-007,41,1,2,-1.483606065,-1.293607112
sub-007,42,2,3,-1.153915828,-0.927275894
sub-007,43,3,6,-0.824225592,0.171717758
sub-007,44,2,9,-1.153915828,1.270711411
sub-007,45,2,8,-1.153915828,0.904380193
sub-007,46,1,8,-1.483606065,0.904380193
sub-007,47,2,7,-1.153915828,0.538048976
sub-007,48,2,2,-1.153915828,-1.293607112
sub-007,49,9,5,1.153915828,-0.194613459
sub-007,50,9,2,1.153915828,-1.293607112
sub-007,51,9,9,1.153915828,1.270711411
sub-007,52,7,4,0.494535355,-0.560944677
sub-007,53,9,4,1.153915828,-0.560944677
sub-007,54,8,2,0.824225592,-1.293607112
sub-007,55,8,8,0.824225592,0.904380193
sub-007,56,6,5,0.164845118,-0.194613459
sub-007,57,8,3,0.824225592,-0.927275894
sub-007,58,10,3,1.483606065,-0.927275894
sub-007,59,8,8,0.824225592,0.904380193
sub-007,60,7,3,0.494535355,-0.927275894
sub-007,61,9,3,1.153915828,-0.927275894
sub-007,62,8,2,0.824225592,-1.293607112
sub-007,63,7,5,0.494535355,-0.194613459
sub-007,64,7,4,0.494535355,-0.560944677
sub-007,65,9,9,1.153915828,1.270711411
sub-007,66,10,1,1.483606065,-1.659938329
sub-007,67,8,6,0.824225592,0.171717758
sub-007,68,4,2,-0.494535355,-1.293607112
sub-007,69,7,5,0.494535355,-0.194613459
sub-007,70,6,3,0.164845118,-0.927275894
sub-007,71,7,5,0.494535355,-0.194613459
sub-007,72,7,4,0.494535355,-0.560944677
sub-007,73,5,4,-0.164845118,-0.560944677
sub-007,74,6,3,0.164845118,-0.927275894
sub-007,75,5,4,-0.164845118,-0.560944677
sub-007,76,6,6,0.164845118,0.171717758
sub-007,77,5,2,-0.164845118,-1.293607112
sub-007,78,5,4,-0.164845118,-0.560944677
sub-007,79,5,4,-0.164845118,-0.560944677
sub-007,80,5,2,-0.164845118,-1.293607112
sub-007,81,2,4,-1.153915828,-0.560944677
sub-007,82,2,4,-1.153915828,-0.560944677
sub-007,83,3,6,-0.824225592,0.171717758
sub-007,84,2,2,-1.153915828,-1.293607112
sub-007,85,3,7,-0.824225592,0.538048976
sub-007,86,2,8,-1.153915828,0.904380193
sub-007,87,2,7,-1.153915828,0.538048976
sub-007,88,4,8,-0.494535355,0.904380193
sub-007,89,2,8,-1.153915828,0.904380193
sub-007,90,5,3,-0.164845118,-0.927275894
sub-007,91,5,2,-0.164845118,-1.293607112
sub-007,92,5,2,-0.164845118,-1.293607112
sub-007,93,4,6,-0.494535355,0.171717758
sub-007,94,3,3,-0.824225592,-0.927275894
sub-007,95,2,2,-1.153915828,-1.293607112
sub-007,96,5,5,-0.164845118,-0.194613459
sub-008,1,7,7,0.745768926,0.252912202
sub-008,2,7,6,0.745768926,-0.263674423
sub-008,3,8,8,1.150253767,0.769498827
sub-008,4,7,7,0.745768926,0.252912202
sub-008,5,10,9,1.959223449,1.286085452
sub-008,6,9,7,1.554738608,0.252912202
sub-008,7,7,7,0.745768926,0.252912202
sub-008,8,6,6,0.341284085,-0.263674423
sub-008,9,8,7,1.150253767,0.252912202
sub-008,10,8,8,1.150253767,0.769498827
sub-008,11,8,6,1.150253767,-0.263674423
sub-008,12,7,7,0.745768926,0.252912202
sub-008,13,8,8,1.150253767,0.769498827
sub-008,14,8,8,1.150253767,0.769498827
sub-008,15,8,8,1.150253767,0.769498827
sub-008,16,7,7,0.745768926,0.252912202
sub-008,17,6,6,0.341284085,-0.263674423
sub-008,18,7,7,0.745768926,0.252912202
sub-008,19,7,7,0.745768926,0.252912202
sub-008,20,6,6,0.341284085,-0.263674423
sub-008,21,7,7,0.745768926,0.252912202
sub-008,22,7,8,0.745768926,0.769498827
sub-008,23,7,7,0.745768926,0.252912202
sub-008,24,7,7,0.745768926,0.252912202
sub-008,25,2,8,-1.27665528,0.769498827
sub-008,26,2,8,-1.27665528,0.769498827
sub-008,27,3,8,-0.872170439,0.769498827
sub-008,28,2,7,-1.27665528,0.252912202
sub-008,29,3,7,-0.872170439,0.252912202
sub-008,30,3,7,-0.872170439,0.252912202
sub-008,31,3,8,-0.872170439,0.769498827
sub-008,32,2,7,-1.27665528,0.252912202
sub-008,33,3,8,-0.872170439,0.769498827
sub-008,34,3,8,-0.872170439,0.769498827
sub-008,35,3,7,-0.872170439,0.252912202
sub-008,36,3,7,-0.872170439,0.252912202
sub-008,37,1,9,-1.681140121,1.286085452
sub-008,38,2,9,-1.27665528,1.286085452
sub-008,39,3,7,-0.872170439,0.252912202
sub-008,40,3,7,-0.872170439,0.252912202
sub-008,41,3,7,-0.872170439,0.252912202
sub-008,42,3,6,-0.872170439,-0.263674423
sub-008,43,4,7,-0.467685597,0.252912202
sub-008,44,3,7,-0.872170439,0.252912202
sub-008,45,2,8,-1.27665528,0.769498827
sub-008,46,3,7,-0.872170439,0.252912202
sub-008,47,3,7,-0.872170439,0.252912202
sub-008,48,3,7,-0.872170439,0.252912202
sub-008,49,8,3,1.150253767,-1.813434298
sub-008,50,8,2,1.150253767,-2.330020923
sub-008,51,2,2,-1.27665528,-2.330020923
sub-008,52,8,2,1.150253767,-2.330020923
sub-008,53,8,2,1.150253767,-2.330020923
sub-008,54,9,2,1.554738608,-2.330020923
sub-008,55,8,8,1.150253767,0.769498827
sub-008,56,8,2,1.150253767,-2.330020923
sub-008,57,7,3,0.745768926,-1.813434298
sub-008,58,9,2,1.554738608,-2.330020923
sub-008,59,8,3,1.150253767,-1.813434298
sub-008,60,8,2,1.150253767,-2.330020923
sub-008,61,8,3,1.150253767,-1.813434298
sub-008,62,8,2,1.150253767,-2.330020923
sub-008,63,8,3,1.150253767,-1.813434298
sub-008,64,8,3,1.150253767,-1.813434298
sub-008,65,8,7,1.150253767,0.252912202
sub-008,66,6,7,0.341284085,0.252912202
sub-008,67,6,6,0.341284085,-0.263674423
sub-008,68,8,8,1.150253767,0.769498827
sub-008,69,7,7,0.745768926,0.252912202
sub-008,70,7,7,0.745768926,0.252912202
sub-008,71,7,7,0.745768926,0.252912202
sub-008,72,7,7,0.745768926,0.252912202
sub-008,73,4,6,-0.467685597,-0.263674423
sub-008,74,3,7,-0.872170439,0.252912202
sub-008,75,3,6,-0.872170439,-0.263674423
sub-008,76,4,6,-0.467685597,-0.263674423
sub-008,77,2,8,-1.27665528,0.769498827
sub-008,78,5,5,-0.063200756,-0.780261048
sub-008,79,4,6,-0.467685597,-0.263674423
sub-008,80,3,8,-0.872170439,0.769498827
sub-008,81,3,7,-0.872170439,0.252912202
sub-008,82,3,8,-0.872170439,0.769498827
sub-008,83,3,8,-0.872170439,0.769498827
sub-008,84,4,8,-0.467685597,0.769498827
sub-008,85,2,9,-1.27665528,1.286085452
sub-008,86,3,7,-0.872170439,0.252912202
sub-008,87,3,7,-0.872170439,0.252912202
sub-008,88,3,8,-0.872170439,0.769498827
sub-008,89,3,8,-0.872170439,0.769498827
sub-008,90,4,7,-0.467685597,0.252912202
sub-008,91,2,8,-1.27665528,0.769498827
sub-008,92,2,8,-1.27665528,0.769498827
sub-008,93,2,8,-1.27665528,0.769498827
sub-008,94,2,8,-1.27665528,0.769498827
sub-008,95,4,7,-0.467685597,0.252912202
sub-008,96,3,8,-0.872170439,0.769498827
sub-010,1,6,6,0.626637094,0.564496074
sub-010,2,6,4,0.626637094,-0.316668529
sub-010,3,7,9,1.194157481,1.886242977
sub-010,4,6,6,0.626637094,0.564496074
sub-010,5,6,5,0.626637094,0.123913772
sub-010,6,6,5,0.626637094,0.123913772
sub-010,7,6,4,0.626637094,-0.316668529
sub-010,8,6,9,0.626637094,1.886242977
sub-010,9,6,3,0.626637094,-0.75725083
sub-010,10,8,7,1.761677868,1.005078375
sub-010,11,6,3,0.626637094,-0.75725083
sub-010,12,6,2,0.626637094,-1.197833132
sub-010,13,8,8,1.761677868,1.445660676
sub-010,14,6,7,0.626637094,1.005078375
sub-010,15,8,7,1.761677868,1.005078375
sub-010,16,7,8,1.194157481,1.445660676
sub-010,17,6,6,0.626637094,0.564496074
sub-010,18,6,6,0.626637094,0.564496074
sub-010,19,6,5,0.626637094,0.123913772
sub-010,20,6,3,0.626637094,-0.75725083
sub-010,21,7,7,1.194157481,1.005078375
sub-010,22,6,5,0.626637094,0.123913772
sub-010,23,8,8,1.761677868,1.445660676
sub-010,24,6,7,0.626637094,1.005078375
sub-010,25,3,6,-1.075924067,0.564496074
sub-010,26,5,3,0.059116707,-0.75725083
sub-010,27,4,3,-0.50840368,-0.75725083
sub-010,28,3,7,-1.075924067,1.005078375
sub-010,29,3,7,-1.075924067,1.005078375
sub-010,30,2,9,-1.643444454,1.886242977
sub-010,31,2,3,-1.643444454,-0.75725083
sub-010,32,4,6,-0.50840368,0.564496074
sub-010,33,3,4,-1.075924067,-0.316668529
sub-010,34,4,5,-0.50840368,0.123913772
sub-010,35,4,5,-0.50840368,0.123913772
sub-010,36,4,3,-0.50840368,-0.75725083
sub-010,37,3,6,-1.075924067,0.564496074
sub-010,38,3,7,-1.075924067,1.005078375
sub-010,39,4,6,-0.50840368,0.564496074
sub-010,40,4,5,-0.50840368,0.123913772
sub-010,41,2,6,-1.643444454,0.564496074
sub-010,42,4,5,-0.50840368,0.123913772
sub-010,43,5,3,0.059116707,-0.75725083
sub-010,44,4,3,-0.50840368,-0.75725083
sub-010,45,3,3,-1.075924067,-0.75725083
sub-010,46,3,6,-1.075924067,0.564496074
sub-010,47,4,2,-0.50840368,-1.197833132
sub-010,48,3,3,-1.075924067,-0.75725083
sub-010,49,7,5,1.194157481,0.123913772
sub-010,50,6,1,0.626637094,-1.638415433
sub-010,51,7,7,1.194157481,1.005078375
sub-010,52,6,2,0.626637094,-1.197833132
sub-010,53,6,2,0.626637094,-1.197833132
sub-010,54,8,4,1.761677868,-0.316668529
sub-010,55,6,7,0.626637094,1.005078375
sub-010,56,6,2,0.626637094,-1.197833132
sub-010,57,6,5,0.626637094,0.123913772
sub-010,58,6,1,0.626637094,-1.638415433
sub-010,59,6,5,0.626637094,0.123913772
sub-010,60,6,5,0.626637094,0.123913772
sub-010,61,7,3,1.194157481,-0.75725083
sub-010,62,8,2,1.761677868,-1.197833132
sub-010,63,6,3,0.626637094,-0.75725083
sub-010,64,6,2,0.626637094,-1.197833132
sub-010,65,7,5,1.194157481,0.123913772
sub-010,66,6,3,0.626637094,-0.75725083
sub-010,67,6,4,0.626637094,-0.316668529
sub-010,68,6,1,0.626637094,-1.638415433
sub-010,69,6,1,0.626637094,-1.638415433
sub-010,70,6,3,0.626637094,-0.75725083
sub-010,71,6,2,0.626637094,-1.197833132
sub-010,72,6,2,0.626637094,-1.197833132
sub-010,73,4,7,-0.50840368,1.005078375
sub-010,74,4,5,-0.50840368,0.123913772
sub-010,75,5,3,0.059116707,-0.75725083
sub-010,76,5,2,0.059116707,-1.197833132
sub-010,77,5,3,0.059116707,-0.75725083
sub-010,78,5,3,0.059116707,-0.75725083
sub-010,79,5,3,0.059116707,-0.75725083
sub-010,80,2,2,-1.643444454,-1.197833132
sub-010,81,2,2,-1.643444454,-1.197833132
sub-010,82,3,5,-1.075924067,0.123913772
sub-010,83,4,6,-0.50840368,0.564496074
sub-010,84,5,2,0.059116707,-1.197833132
sub-010,85,2,9,-1.643444454,1.886242977
sub-010,86,4,7,-0.50840368,1.005078375
sub-010,87,1,10,-2.210964841,2.326825279
sub-010,88,3,7,-1.075924067,1.005078375
sub-010,89,2,2,-1.643444454,-1.197833132
sub-010,90,3,8,-1.075924067,1.445660676
sub-010,91,3,2,-1.075924067,-1.197833132
sub-010,92,4,3,-0.50840368,-0.75725083
sub-010,93,2,9,-1.643444454,1.886242977
sub-010,94,1,6,-2.210964841,0.564496074
sub-010,95,3,7,-1.075924067,1.005078375
sub-010,96,3,7,-1.075924067,1.005078375
sub-011,1,7,6,1.017062129,0.482057087
sub-011,2,6,6,0.521437944,0.482057087
sub-011,3,7,7,1.017062129,0.974370708
sub-011,4,6,4,0.521437944,-0.502570155
sub-011,5,7,7,1.017062129,0.974370708
sub-011,6,6,7,0.521437944,0.974370708
sub-011,7,7,8,1.017062129,1.466684328
sub-011,8,7,8,1.017062129,1.466684328
sub-011,9,9,7,2.008310498,0.974370708
sub-011,10,8,3,1.512686313,-0.994883775
sub-011,11,7,7,1.017062129,0.974370708
sub-011,12,7,7,1.017062129,0.974370708
sub-011,13,8,9,1.512686313,1.958997949
sub-011,14,7,3,1.017062129,-0.994883775
sub-011,15,8,8,1.512686313,1.466684328
sub-011,16,7,7,1.017062129,0.974370708
sub-011,17,5,5,0.02581376,-0.010256534
sub-011,18,6,6,0.521437944,0.482057087
sub-011,19,7,7,1.017062129,0.974370708
sub-011,20,5,6,0.02581376,0.482057087
sub-011,21,8,8,1.512686313,1.466684328
sub-011,22,7,6,1.017062129,0.482057087
sub-011,23,7,7,1.017062129,0.974370708
sub-011,24,8,8,1.512686313,1.466684328
sub-011,25,2,9,-1.461058794,1.958997949
sub-011,26,3,6,-0.96543461,0.482057087
sub-011,27,3,6,-0.96543461,0.482057087
sub-011,28,2,9,-1.461058794,1.958997949
sub-011,29,3,7,-0.96543461,0.974370708
sub-011,30,3,7,-0.96543461,0.974370708
sub-011,31,3,6,-0.96543461,0.482057087
sub-011,32,3,7,-0.96543461,0.974370708
sub-011,33,3,7,-0.96543461,0.974370708
sub-011,34,3,8,-0.96543461,1.466684328
sub-011,35,3,3,-0.96543461,-0.994883775
sub-011,36,3,7,-0.96543461,0.974370708
sub-011,37,3,7,-0.96543461,0.974370708
sub-011,38,3,3,-0.96543461,-0.994883775
sub-011,39,2,8,-1.461058794,1.466684328
sub-011,40,3,7,-0.96543461,0.974370708
sub-011,41,2,2,-1.461058794,-1.487197396
sub-011,42,4,6,-0.469810425,0.482057087
sub-011,43,4,6,-0.469810425,0.482057087
sub-011,44,3,3,-0.96543461,-0.994883775
sub-011,45,3,3,-0.96543461,-0.994883775
sub-011,46,3,3,-0.96543461,-0.994883775
sub-011,47,3,3,-0.96543461,-0.994883775
sub-011,48,3,3,-0.96543461,-0.994883775
sub-011,49,5,4,0.02581376,-0.502570155
sub-011,50,7,3,1.017062129,-0.994883775
sub-011,51,7,7,1.017062129,0.974370708
sub-011,52,5,5,0.02581376,-0.010256534
sub-011,53,6,3,0.521437944,-0.994883775
sub-011,54,7,3,1.017062129,-0.994883775
sub-011,55,7,8,1.017062129,1.466684328
sub-011,56,5,5,0.02581376,-0.010256534
sub-011,57,8,3,1.512686313,-0.994883775
sub-011,58,7,2,1.017062129,-1.487197396
sub-011,59,6,4,0.521437944,-0.502570155
sub-011,60,6,4,0.521437944,-0.502570155
sub-011,61,6,4,0.521437944,-0.502570155
sub-011,62,9,2,2.008310498,-1.487197396
sub-011,63,8,2,1.512686313,-1.487197396
sub-011,64,6,4,0.521437944,-0.502570155
sub-011,65,7,7,1.017062129,0.974370708
sub-011,66,6,6,0.521437944,0.482057087
sub-011,67,7,4,1.017062129,-0.502570155
sub-011,68,6,6,0.521437944,0.482057087
sub-011,69,6,7,0.521437944,0.974370708
sub-011,70,6,6,0.521437944,0.482057087
sub-011,71,6,4,0.521437944,-0.502570155
sub-011,72,8,6,1.512686313,0.482057087
sub-011,73,5,4,0.02581376,-0.502570155
sub-011,74,3,3,-0.96543461,-0.994883775
sub-011,75,5,5,0.02581376,-0.010256534
sub-011,76,5,5,0.02581376,-0.010256534
sub-011,77,4,4,-0.469810425,-0.502570155
sub-011,78,5,5,0.02581376,-0.010256534
sub-011,79,4,4,-0.469810425,-0.502570155
sub-011,80,4,4,-0.469810425,-0.502570155
sub-011,81,3,3,-0.96543461,-0.994883775
sub-011,82,3,2,-0.96543461,-1.487197396
sub-011,83,2,2,-1.461058794,-1.487197396
sub-011,84,3,3,-0.96543461,-0.994883775
sub-011,85,3,3,-0.96543461,-0.994883775
sub-011,86,3,4,-0.96543461,-0.502570155
sub-011,87,3,3,-0.96543461,-0.994883775
sub-011,88,3,3,-0.96543461,-0.994883775
sub-011,89,2,2,-1.461058794,-1.487197396
sub-011,90,4,4,-0.469810425,-0.502570155
sub-011,91,3,3,-0.96543461,-0.994883775
sub-011,92,3,3,-0.96543461,-0.994883775
sub-011,93,3,3,-0.96543461,-0.994883775
sub-011,94,3,3,-0.96543461,-0.994883775
sub-011,95,3,3,-0.96543461,-0.994883775
sub-011,96,2,2,-1.461058794,-1.487197396
sub-012,1,9,9,1.290642275,1.113500709
sub-012,2,6,5,0.258128455,-0.307045046
sub-012,3,9,9,1.290642275,1.113500709
sub-012,4,8,7,0.946471001,0.403227832
sub-012,5,9,9,1.290642275,1.113500709
sub-012,6,8,7,0.946471001,0.403227832
sub-012,7,8,4,0.946471001,-0.662181485
sub-012,8,8,7,0.946471001,0.403227832
sub-012,9,8,7,0.946471001,0.403227832
sub-012,10,6,4,0.258128455,-0.662181485
sub-012,11,8,7,0.946471001,0.403227832
sub-012,12,6,2,0.258128455,-1.372454362
sub-012,13,8,5,0.946471001,-0.307045046
sub-012,14,8,9,0.946471001,1.113500709
sub-012,15,8,9,0.946471001,1.113500709
sub-012,16,9,7,1.290642275,0.403227832
sub-012,17,2,2,-1.118556638,-1.372454362
sub-012,18,6,4,0.258128455,-0.662181485
sub-012,19,8,4,0.946471001,-0.662181485
sub-012,20,3,3,-0.774385365,-1.017317924
sub-012,21,8,8,0.946471001,0.75836427
sub-012,22,8,3,0.946471001,-1.017317924
sub-012,23,9,9,1.290642275,1.113500709
sub-012,24,8,8,0.946471001,0.75836427
sub-012,25,1,9,-1.462727911,1.113500709
sub-012,26,2,5,-1.118556638,-0.307045046
sub-012,27,2,8,-1.118556638,0.75836427
sub-012,28,2,5,-1.118556638,-0.307045046
sub-012,29,2,8,-1.118556638,0.75836427
sub-012,30,1,9,-1.462727911,1.113500709
sub-012,31,2,10,-1.118556638,1.468637148
sub-012,32,2,8,-1.118556638,0.75836427
sub-012,33,2,8,-1.118556638,0.75836427
sub-012,34,3,4,-0.774385365,-0.662181485
sub-012,35,2,8,-1.118556638,0.75836427
sub-012,36,4,3,-0.430214092,-1.017317924
sub-012,37,2,4,-1.118556638,-0.662181485
sub-012,38,2,9,-1.118556638,1.113500709
sub-012,39,2,8,-1.118556638,0.75836427
sub-012,40,1,10,-1.462727911,1.468637148
sub-012,41,1,10,-1.462727911,1.468637148
sub-012,42,2,5,-1.118556638,-0.307045046
sub-012,43,2,9,-1.118556638,1.113500709
sub-012,44,2,9,-1.118556638,1.113500709
sub-012,45,2,9,-1.118556638,1.113500709
sub-012,46,2,6,-1.118556638,0.048091393
sub-012,47,2,8,-1.118556638,0.75836427
sub-012,48,2,9,-1.118556638,1.113500709
sub-012,49,9,7,1.290642275,0.403227832
sub-012,50,7,1,0.602299728,-1.727590801
sub-012,51,9,9,1.290642275,1.113500709
sub-012,52,8,7,0.946471001,0.403227832
sub-012,53,7,2,0.602299728,-1.372454362
sub-012,54,7,2,0.602299728,-1.372454362
sub-012,55,10,10,1.634813548,1.468637148
sub-012,56,6,3,0.258128455,-1.017317924
sub-012,57,9,9,1.290642275,1.113500709
sub-012,58,7,5,0.602299728,-0.307045046
sub-012,59,10,10,1.634813548,1.468637148
sub-012,60,10,10,1.634813548,1.468637148
sub-012,61,8,3,0.946471001,-1.017317924
sub-012,62,7,1,0.602299728,-1.727590801
sub-012,63,7,3,0.602299728,-1.017317924
sub-012,64,8,6,0.946471001,0.048091393
sub-012,65,6,4,0.258128455,-0.662181485
sub-012,66,7,1,0.602299728,-1.727590801
sub-012,67,7,3,0.602299728,-1.017317924
sub-012,68,7,2,0.602299728,-1.372454362
sub-012,69,9,7,1.290642275,0.403227832
sub-012,70,6,1,0.258128455,-1.727590801
sub-012,71,7,1,0.602299728,-1.727590801
sub-012,72,7,2,0.602299728,-1.372454362
sub-012,73,6,5,0.258128455,-0.307045046
sub-012,74,2,9,-1.118556638,1.113500709
sub-012,75,7,2,0.602299728,-1.372454362
sub-012,76,8,2,0.946471001,-1.372454362
sub-012,77,7,3,0.602299728,-1.017317924
sub-012,78,7,4,0.602299728,-0.662181485
sub-012,79,5,5,-0.086042818,-0.307045046
sub-012,80,6,3,0.258128455,-1.017317924
sub-012,81,2,8,-1.118556638,0.75836427
sub-012,82,3,6,-0.774385365,0.048091393
sub-012,83,2,8,-1.118556638,0.75836427
sub-012,84,1,10,-1.462727911,1.468637148
sub-012,85,2,9,-1.118556638,1.113500709
sub-012,86,6,3,0.258128455,-1.017317924
sub-012,87,3,4,-0.774385365,-0.662181485
sub-012,88,2,7,-1.118556638,0.403227832
sub-012,89,2,7,-1.118556638,0.403227832
sub-012,90,3,2,-0.774385365,-1.372454362
sub-012,91,2,4,-1.118556638,-0.662181485
sub-012,92,3,2,-0.774385365,-1.372454362
sub-012,93,8,8,0.946471001,0.75836427
sub-012,94,2,4,-1.118556638,-0.662181485
sub-012,95,2,6,-1.118556638,0.048091393
sub-012,96,3,4,-0.774385365,-0.662181485
sub-013,1,6,5,0.289142663,-0.183965973
sub-013,2,4,3,-0.606266875,-1.950039315
sub-013,3,5,5,-0.158562106,-0.183965973
sub-013,4,5,5,-0.158562106,-0.183965973
sub-013,5,5,5,-0.158562106,-0.183965973
sub-013,6,5,4,-0.158562106,-1.067002644
sub-013,7,4,5,-0.606266875,-0.183965973
sub-013,8,5,5,-0.158562106,-0.183965973
sub-013,9,6,5,0.289142663,-0.183965973
sub-013,10,6,5,0.289142663,-0.183965973
sub-013,11,8,6,1.184552202,0.699070698
sub-013,12,8,7,1.184552202,1.582107369
sub-013,13,6,5,0.289142663,-0.183965973
sub-013,14,8,7,1.184552202,1.582107369
sub-013,15,7,6,0.736847433,0.699070698
sub-013,16,9,8,1.632256971,2.465144039
sub-013,17,4,5,-0.606266875,-0.183965973
sub-013,18,5,5,-0.158562106,-0.183965973
sub-013,19,5,5,-0.158562106,-0.183965973
sub-013,20,5,5,-0.158562106,-0.183965973
sub-013,21,5,5,-0.158562106,-0.183965973
sub-013,22,5,5,-0.158562106,-0.183965973
sub-013,23,6,5,0.289142663,-0.183965973
sub-013,24,5,4,-0.158562106,-1.067002644
sub-013,25,3,5,-1.053971644,-0.183965973
sub-013,26,4,5,-0.606266875,-0.183965973
sub-013,27,3,6,-1.053971644,0.699070698
sub-013,28,2,3,-1.501676414,-1.950039315
sub-013,29,4,6,-0.606266875,0.699070698
sub-013,30,4,6,-0.606266875,0.699070698
sub-013,31,2,3,-1.501676414,-1.950039315
sub-013,32,4,6,-0.606266875,0.699070698
sub-013,33,3,4,-1.053971644,-1.067002644
sub-013,34,4,5,-0.606266875,-0.183965973
sub-013,35,3,3,-1.053971644,-1.950039315
sub-013,36,8,6,1.184552202,0.699070698
sub-013,37,4,5,-0.606266875,-0.183965973
sub-013,38,3,4,-1.053971644,-1.067002644
sub-013,39,3,6,-1.053971644,0.699070698
sub-013,40,3,6,-1.053971644,0.699070698
sub-013,41,3,3,-1.053971644,-1.950039315
sub-013,42,4,5,-0.606266875,-0.183965973
sub-013,43,4,5,-0.606266875,-0.183965973
sub-013,44,4,5,-0.606266875,-0.183965973
sub-013,45,5,5,-0.158562106,-0.183965973
sub-013,46,4,4,-0.606266875,-1.067002644
sub-013,47,2,3,-1.501676414,-1.950039315
sub-013,48,3,6,-1.053971644,0.699070698
sub-013,49,9,6,1.632256971,0.699070698
sub-013,50,9,4,1.632256971,-1.067002644
sub-013,51,9,4,1.632256971,-1.067002644
sub-013,52,9,6,1.632256971,0.699070698
sub-013,53,6,4,0.289142663,-1.067002644
sub-013,54,9,6,1.632256971,0.699070698
sub-013,55,9,7,1.632256971,1.582107369
sub-013,56,9,4,1.632256971,-1.067002644
sub-013,57,8,4,1.184552202,-1.067002644
sub-013,58,8,6,1.184552202,0.699070698
sub-013,59,8,6,1.184552202,0.699070698
sub-013,60,8,7,1.184552202,1.582107369
sub-013,61,8,6,1.184552202,0.699070698
sub-013,62,7,5,0.736847433,-0.183965973
sub-013,63,7,6,0.736847433,0.699070698
sub-013,64,9,6,1.632256971,0.699070698
sub-013,65,9,6,1.632256971,0.699070698
sub-013,66,9,7,1.632256971,1.582107369
sub-013,67,9,8,1.632256971,2.465144039
sub-013,68,9,7,1.632256971,1.582107369
sub-013,69,9,8,1.632256971,2.465144039
sub-013,70,8,4,1.184552202,-1.067002644
sub-013,71,9,8,1.632256971,2.465144039
sub-013,72,8,5,1.184552202,-0.183965973
sub-013,73,5,4,-0.158562106,-1.067002644
sub-013,74,5,5,-0.158562106,-0.183965973
sub-013,75,4,5,-0.606266875,-0.183965973
sub-013,76,4,5,-0.606266875,-0.183965973
sub-013,77,3,5,-1.053971644,-0.183965973
sub-013,78,3,4,-1.053971644,-1.067002644
sub-013,79,4,5,-0.606266875,-0.183965973
sub-013,80,4,4,-0.606266875,-1.067002644
sub-013,81,3,6,-1.053971644,0.699070698
sub-013,82,3,6,-1.053971644,0.699070698
sub-013,83,4,4,-0.606266875,-1.067002644
sub-013,84,3,4,-1.053971644,-1.067002644
sub-013,85,4,4,-0.606266875,-1.067002644
sub-013,86,4,5,-0.606266875,-0.183965973
sub-013,87,4,5,-0.606266875,-0.183965973
sub-013,88,3,6,-1.053971644,0.699070698
sub-013,89,4,5,-0.606266875,-0.183965973
sub-013,90,5,5,-0.158562106,-0.183965973
sub-013,91,4,5,-0.606266875,-0.183965973
sub-013,92,2,6,-1.501676414,0.699070698
sub-013,93,3,6,-1.053971644,0.699070698
sub-013,94,3,6,-1.053971644,0.699070698
sub-013,95,4,5,-0.606266875,-0.183965973
sub-013,96,4,5,-0.606266875,-0.183965973
sub-015,1,9,2,1.19214517,-1.210301931
sub-015,2,7,2,0.556334413,-1.210301931
sub-015,3,8,6,0.874239791,0.303561071
sub-015,4,7,3,0.556334413,-0.831836181
sub-015,5,9,7,1.19214517,0.682026821
sub-015,6,10,7,1.510050549,0.682026821
sub-015,7,10,8,1.510050549,1.060492571
sub-015,8,6,1,0.238429034,-1.588767681
sub-015,9,10,8,1.510050549,1.060492571
sub-015,10,10,6,1.510050549,0.303561071
sub-015,11,9,7,1.19214517,0.682026821
sub-015,12,8,3,0.874239791,-0.831836181
sub-015,13,9,7,1.19214517,0.682026821
sub-015,14,8,7,0.874239791,0.682026821
sub-015,15,9,7,1.19214517,0.682026821
sub-015,16,9,6,1.19214517,0.303561071
sub-015,17,3,1,-0.715287102,-1.588767681
sub-015,18,9,6,1.19214517,0.303561071
sub-015,19,5,3,-0.079476345,-0.831836181
sub-015,20,4,2,-0.397381723,-1.210301931
sub-015,21,9,3,1.19214517,-0.831836181
sub-015,22,6,2,0.238429034,-1.210301931
sub-015,23,10,7,1.510050549,0.682026821
sub-015,24,9,8,1.19214517,1.060492571
sub-015,25,4,3,-0.397381723,-0.831836181
sub-015,26,4,4,-0.397381723,-0.45337043
sub-015,27,1,8,-1.351097859,1.060492571
sub-015,28,1,9,-1.351097859,1.438958322
sub-015,29,1,8,-1.351097859,1.060492571
sub-015,30,1,10,-1.351097859,1.817424072
sub-015,31,1,6,-1.351097859,0.303561071
sub-015,32,1,9,-1.351097859,1.438958322
sub-015,33,2,6,-1.033192481,0.303561071
sub-015,34,4,4,-0.397381723,-0.45337043
sub-015,35,2,4,-1.033192481,-0.45337043
sub-015,36,1,9,-1.351097859,1.438958322
sub-015,37,3,5,-0.715287102,-0.07490468
sub-015,38,2,6,-1.033192481,0.303561071
sub-015,39,3,4,-0.715287102,-0.45337043
sub-015,40,1,8,-1.351097859,1.060492571
sub-015,41,1,9,-1.351097859,1.438958322
sub-015,42,2,8,-1.033192481,1.060492571
sub-015,43,3,4,-0.715287102,-0.45337043
sub-015,44,2,8,-1.033192481,1.060492571
sub-015,45,3,4,-0.715287102,-0.45337043
sub-015,46,3,7,-0.715287102,0.682026821
sub-015,47,2,6,-1.033192481,0.303561071
sub-015,48,3,6,-0.715287102,0.303561071
sub-015,49,8,2,0.874239791,-1.210301931
sub-015,50,8,3,0.874239791,-0.831836181
sub-015,51,10,8,1.510050549,1.060492571
sub-015,52,7,1,0.556334413,-1.588767681
sub-015,53,6,3,0.238429034,-0.831836181
sub-015,54,8,1,0.874239791,-1.588767681
sub-015,55,9,3,1.19214517,-0.831836181
sub-015,56,7,2,0.556334413,-1.210301931
sub-015,57,10,4,1.510050549,-0.45337043
sub-015,58,8,4,0.874239791,-0.45337043
sub-015,59,8,5,0.874239791,-0.07490468
sub-015,60,7,2,0.556334413,-1.210301931
sub-015,61,8,4,0.874239791,-0.45337043
sub-015,62,10,6,1.510050549,0.303561071
sub-015,63,6,1,0.238429034,-1.588767681
sub-015,64,10,2,1.510050549,-1.210301931
sub-015,65,7,3,0.556334413,-0.831836181
sub-015,66,8,6,0.874239791,0.303561071
sub-015,67,9,6,1.19214517,0.303561071
sub-015,68,6,7,0.238429034,0.682026821
sub-015,69,6,1,0.238429034,-1.588767681
sub-015,70,9,3,1.19214517,-0.831836181
sub-015,71,8,4,0.874239791,-0.45337043
sub-015,72,7,1,0.556334413,-1.588767681
sub-015,73,5,2,-0.079476345,-1.210301931
sub-015,74,2,8,-1.033192481,1.060492571
sub-015,75,5,5,-0.079476345,-0.07490468
sub-015,76,5,2,-0.079476345,-1.210301931
sub-015,77,5,2,-0.079476345,-1.210301931
sub-015,78,5,2,-0.079476345,-1.210301931
sub-015,79,6,4,0.238429034,-0.45337043
sub-015,80,5,7,-0.079476345,0.682026821
sub-015,81,1,8,-1.351097859,1.060492571
sub-015,82,2,8,-1.033192481,1.060492571
sub-015,83,2,7,-1.033192481,0.682026821
sub-015,84,3,2,-0.715287102,-1.210301931
sub-015,85,2,7,-1.033192481,0.682026821
sub-015,86,4,3,-0.397381723,-0.831836181
sub-015,87,3,4,-0.715287102,-0.45337043
sub-015,88,1,10,-1.351097859,1.817424072
sub-015,89,1,8,-1.351097859,1.060492571
sub-015,90,2,10,-1.033192481,1.817424072
sub-015,91,2,6,-1.033192481,0.303561071
sub-015,92,3,3,-0.715287102,-0.831836181
sub-015,93,1,10,-1.351097859,1.817424072
sub-015,94,1,9,-1.351097859,1.438958322
sub-015,95,2,7,-1.033192481,0.682026821
sub-015,96,2,9,-1.033192481,1.438958322
sub-016,1,6,3,0.5468492,-0.961433128
sub-016,2,6,2,0.5468492,-1.3907242
sub-016,3,6,5,0.5468492,-0.102850986
sub-016,4,6,4,0.5468492,-0.532142057
sub-016,5,6,3,0.5468492,-0.961433128
sub-016,6,8,4,1.451978909,-0.532142057
sub-016,7,8,7,1.451978909,0.755731157
sub-016,8,7,9,0.999414055,1.614313299
sub-016,9,7,6,0.999414055,0.326440085
sub-016,10,7,3,0.999414055,-0.961433128
sub-016,11,7,4,0.999414055,-0.532142057
sub-016,12,7,5,0.999414055,-0.102850986
sub-016,13,10,9,2.357108619,1.614313299
sub-016,14,8,7,1.451978909,0.755731157
sub-016,15,8,9,1.451978909,1.614313299
sub-016,16,10,9,2.357108619,1.614313299
sub-016,17,5,3,0.094284345,-0.961433128
sub-016,18,5,2,0.094284345,-1.3907242
sub-016,19,5,4,0.094284345,-0.532142057
sub-016,20,5,3,0.094284345,-0.961433128
sub-016,21,7,8,0.999414055,1.185022228
sub-016,22,6,6,0.5468492,0.326440085
sub-016,23,9,10,1.904543764,2.04360437
sub-016,24,6,5,0.5468492,-0.102850986
sub-016,25,2,8,-1.26341022,1.185022228
sub-016,26,4,5,-0.35828051,-0.102850986
sub-016,27,3,7,-0.810845365,0.755731157
sub-016,28,3,8,-0.810845365,1.185022228
sub-016,29,2,8,-1.26341022,1.185022228
sub-016,30,3,9,-0.810845365,1.614313299
sub-016,31,3,6,-0.810845365,0.326440085
sub-016,32,2,6,-1.26341022,0.326440085
sub-016,33,2,7,-1.26341022,0.755731157
sub-016,34,3,7,-0.810845365,0.755731157
sub-016,35,2,7,-1.26341022,0.755731157
sub-016,36,3,7,-0.810845365,0.755731157
sub-016,37,2,5,-1.26341022,-0.102850986
sub-016,38,2,8,-1.26341022,1.185022228
sub-016,39,2,6,-1.26341022,0.326440085
sub-016,40,3,6,-0.810845365,0.326440085
sub-016,41,2,6,-1.26341022,0.326440085
sub-016,42,3,4,-0.810845365,-0.532142057
sub-016,43,3,5,-0.810845365,-0.102850986
sub-016,44,3,7,-0.810845365,0.755731157
sub-016,45,3,5,-0.810845365,-0.102850986
sub-016,46,2,6,-1.26341022,0.326440085
sub-016,47,2,8,-1.26341022,1.185022228
sub-016,48,3,3,-0.810845365,-0.961433128
sub-016,49,7,3,0.999414055,-0.961433128
sub-016,50,6,2,0.5468492,-1.3907242
sub-016,51,6,3,0.5468492,-0.961433128
sub-016,52,6,2,0.5468492,-1.3907242
sub-016,53,7,2,0.999414055,-1.3907242
sub-016,54,6,4,0.5468492,-0.532142057
sub-016,55,8,5,1.451978909,-0.102850986
sub-016,56,5,4,0.094284345,-0.532142057
sub-016,57,6,3,0.5468492,-0.961433128
sub-016,58,6,2,0.5468492,-1.3907242
sub-016,59,8,6,1.451978909,0.326440085
sub-016,60,7,5,0.999414055,-0.102850986
sub-016,61,7,2,0.999414055,-1.3907242
sub-016,62,7,2,0.999414055,-1.3907242
sub-016,63,5,2,0.094284345,-1.3907242
sub-016,64,6,4,0.5468492,-0.532142057
sub-016,65,7,3,0.999414055,-0.961433128
sub-016,66,9,3,1.904543764,-0.961433128
sub-016,67,6,3,0.5468492,-0.961433128
sub-016,68,5,5,0.094284345,-0.102850986
sub-016,69,8,2,1.451978909,-1.3907242
sub-016,70,6,2,0.5468492,-1.3907242
sub-016,71,7,3,0.999414055,-0.961433128
sub-016,72,6,2,0.5468492,-1.3907242
sub-016,73,5,2,0.094284345,-1.3907242
sub-016,74,4,2,-0.35828051,-1.3907242
sub-016,75,4,5,-0.35828051,-0.102850986
sub-016,76,4,3,-0.35828051,-0.961433128
sub-016,77,4,4,-0.35828051,-0.532142057
sub-016,78,5,3,0.094284345,-0.961433128
sub-016,79,5,4,0.094284345,-0.532142057
sub-016,80,4,3,-0.35828051,-0.961433128
sub-016,81,3,7,-0.810845365,0.755731157
sub-016,82,2,7,-1.26341022,0.755731157
sub-016,83,3,6,-0.810845365,0.326440085
sub-016,84,3,8,-0.810845365,1.185022228
sub-016,85,2,8,-1.26341022,1.185022228
sub-016,86,3,8,-0.810845365,1.185022228
sub-016,87,2,9,-1.26341022,1.614313299
sub-016,88,2,8,-1.26341022,1.185022228
sub-016,89,2,9,-1.26341022,1.614313299
sub-016,90,3,4,-0.810845365,-0.532142057
sub-016,91,3,8,-0.810845365,1.185022228
sub-016,92,4,6,-0.35828051,0.326440085
sub-016,93,3,9,-0.810845365,1.614313299
sub-016,94,2,7,-1.26341022,0.755731157
sub-016,95,2,7,-1.26341022,0.755731157
sub-016,96,2,8,-1.26341022,1.185022228
sub-017,1,6,3,0.467913469,-1.04021515
sub-017,2,6,4,0.467913469,-0.482334399
sub-017,3,7,6,0.931003088,0.633427102
sub-017,4,5,3,0.00482385,-1.04021515
sub-017,5,7,4,0.931003088,-0.482334399
sub-017,6,6,4,0.467913469,-0.482334399
sub-017,7,6,6,0.467913469,0.633427102
sub-017,8,6,7,0.467913469,1.191307853
sub-017,9,7,6,0.931003088,0.633427102
sub-017,10,10,10,2.320271945,2.864950105
sub-017,11,8,4,1.394092707,-0.482334399
sub-017,12,9,9,1.857182326,2.307069354
sub-017,13,8,7,1.394092707,1.191307853
sub-017,14,8,6,1.394092707,0.633427102
sub-017,15,7,7,0.931003088,1.191307853
sub-017,16,8,8,1.394092707,1.749188604
sub-017,17,5,2,0.00482385,-1.5980959
sub-017,18,6,3,0.467913469,-1.04021515
sub-017,19,6,5,0.467913469,0.075546352
sub-017,20,5,3,0.00482385,-1.04021515
sub-017,21,6,6,0.467913469,0.633427102
sub-017,22,6,2,0.467913469,-1.5980959
sub-017,23,7,6,0.931003088,0.633427102
sub-017,24,6,6,0.467913469,0.633427102
sub-017,25,3,4,-0.921355388,-0.482334399
sub-017,26,4,4,-0.458265769,-0.482334399
sub-017,27,4,2,-0.458265769,-1.5980959
sub-017,28,3,6,-0.921355388,0.633427102
sub-017,29,1,4,-1.847534626,-0.482334399
sub-017,30,4,5,-0.458265769,0.075546352
sub-017,31,2,3,-1.384445007,-1.04021515
sub-017,32,3,6,-0.921355388,0.633427102
sub-017,33,4,5,-0.458265769,0.075546352
sub-017,34,4,2,-0.458265769,-1.5980959
sub-017,35,3,3,-0.921355388,-1.04021515
sub-017,36,2,4,-1.384445007,-0.482334399
sub-017,37,4,5,-0.458265769,0.075546352
sub-017,38,4,6,-0.458265769,0.633427102
sub-017,39,4,2,-0.458265769,-1.5980959
sub-017,40,2,6,-1.384445007,0.633427102
sub-017,41,2,3,-1.384445007,-1.04021515
sub-017,42,3,2,-0.921355388,-1.5980959
sub-017,43,2,4,-1.384445007,-0.482334399
sub-017,44,4,4,-0.458265769,-0.482334399
sub-017,45,2,6,-1.384445007,0.633427102
sub-017,46,4,5,-0.458265769,0.075546352
sub-017,47,2,7,-1.384445007,1.191307853
sub-017,48,2,5,-1.384445007,0.075546352
sub-017,49,7,3,0.931003088,-1.04021515
sub-017,50,8,1,1.394092707,-2.155976651
sub-017,51,7,7,0.931003088,1.191307853
sub-017,52,5,5,0.00482385,0.075546352
sub-017,53,7,6,0.931003088,0.633427102
sub-017,54,7,7,0.931003088,1.191307853
sub-017,55,8,10,1.394092707,2.864950105
sub-017,56,6,5,0.467913469,0.075546352
sub-017,57,7,4,0.931003088,-0.482334399
sub-017,58,9,2,1.857182326,-1.5980959
sub-017,59,6,6,0.467913469,0.633427102
sub-017,60,6,7,0.467913469,1.191307853
sub-017,61,6,6,0.467913469,0.633427102
sub-017,62,10,2,2.320271945,-1.5980959
sub-017,63,6,3,0.467913469,-1.04021515
sub-017,64,7,4,0.931003088,-0.482334399
sub-017,65,7,6,0.931003088,0.633427102
sub-017,66,6,4,0.467913469,-0.482334399
sub-017,67,8,5,1.394092707,0.075546352
sub-017,68,5,5,0.00482385,0.075546352
sub-017,69,5,5,0.00482385,0.075546352
sub-017,70,8,4,1.394092707,-0.482334399
sub-017,71,7,6,0.931003088,0.633427102
sub-017,72,6,4,0.467913469,-0.482334399
sub-017,73,4,5,-0.458265769,0.075546352
sub-017,74,5,5,0.00482385,0.075546352
sub-017,75,5,5,0.00482385,0.075546352
sub-017,76,5,5,0.00482385,0.075546352
sub-017,77,6,3,0.467913469,-1.04021515
sub-017,78,5,5,0.00482385,0.075546352
sub-017,79,5,5,0.00482385,0.075546352
sub-017,80,3,5,-0.921355388,0.075546352
sub-017,81,3,6,-0.921355388,0.633427102
sub-017,82,3,8,-0.921355388,1.749188604
sub-017,83,2,4,-1.384445007,-0.482334399
sub-017,84,3,5,-0.921355388,0.075546352
sub-017,85,3,5,-0.921355388,0.075546352
sub-017,86,1,5,-1.847534626,0.075546352
sub-017,87,2,7,-1.384445007,1.191307853
sub-017,88,2,9,-1.384445007,2.307069354
sub-017,89,1,4,-1.847534626,-0.482334399
sub-017,90,4,4,-0.458265769,-0.482334399
sub-017,91,3,2,-0.921355388,-1.5980959
sub-017,92,2,5,-1.384445007,0.075546352
sub-017,93,3,4,-0.921355388,-0.482334399
sub-017,94,4,5,-0.458265769,0.075546352
sub-017,95,4,5,-0.458265769,0.075546352
sub-017,96,4,4,-0.458265769,-0.482334399
sub-018,1,6,4,0.425790688,-0.616277437
sub-018,2,6,5,0.425790688,-0.157652368
sub-018,3,6,3,0.425790688,-1.074902506
sub-018,4,6,3,0.425790688,-1.074902506
sub-018,5,6,5,0.425790688,-0.157652368
sub-018,6,7,6,0.851581376,0.300972702
sub-018,7,6,8,0.425790688,1.218222841
sub-018,8,7,9,0.851581376,1.67684791
sub-018,9,7,5,0.851581376,-0.157652368
sub-018,10,9,5,1.703162752,-0.157652368
sub-018,11,6,5,0.425790688,-0.157652368
sub-018,12,7,5,0.851581376,-0.157652368
sub-018,13,9,9,1.703162752,1.67684791
sub-018,14,9,8,1.703162752,1.218222841
sub-018,15,9,8,1.703162752,1.218222841
sub-018,16,9,8,1.703162752,1.218222841
sub-018,17,5,4,0.0,-0.616277437
sub-018,18,6,3,0.425790688,-1.074902506
sub-018,19,6,5,0.425790688,-0.157652368
sub-018,20,5,3,0.0,-1.074902506
sub-018,21,6,7,0.425790688,0.759597771
sub-018,22,5,5,0.0,-0.157652368
sub-018,23,6,7,0.425790688,0.759597771
sub-018,24,6,7,0.425790688,0.759597771
sub-018,25,2,8,-1.277372064,1.218222841
sub-018,26,3,4,-0.851581376,-0.616277437
sub-018,27,3,4,-0.851581376,-0.616277437
sub-018,28,2,8,-1.277372064,1.218222841
sub-018,29,1,9,-1.703162752,1.67684791
sub-018,30,3,6,-0.851581376,0.300972702
sub-018,31,1,9,-1.703162752,1.67684791
sub-018,32,2,7,-1.277372064,0.759597771
sub-018,33,1,9,-1.703162752,1.67684791
sub-018,34,3,5,-0.851581376,-0.157652368
sub-018,35,3,7,-0.851581376,0.759597771
sub-018,36,3,6,-0.851581376,0.300972702
sub-018,37,2,6,-1.277372064,0.300972702
sub-018,38,1,7,-1.703162752,0.759597771
sub-018,39,3,4,-0.851581376,-0.616277437
sub-018,40,3,3,-0.851581376,-1.074902506
sub-018,41,3,2,-0.851581376,-1.533527576
sub-018,42,3,4,-0.851581376,-0.616277437
sub-018,43,4,4,-0.425790688,-0.616277437
sub-018,44,4,3,-0.425790688,-1.074902506
sub-018,45,2,6,-1.277372064,0.300972702
sub-018,46,3,4,-0.851581376,-0.616277437
sub-018,47,2,8,-1.277372064,1.218222841
sub-018,48,2,8,-1.277372064,1.218222841
sub-018,49,8,6,1.277372064,0.300972702
sub-018,50,10,3,2.12895344,-1.074902506
sub-018,51,7,6,0.851581376,0.300972702
sub-018,52,6,4,0.425790688,-0.616277437
sub-018,53,8,2,1.277372064,-1.533527576
sub-018,54,7,2,0.851581376,-1.533527576
sub-018,55,9,10,1.703162752,2.135472979
sub-018,56,7,6,0.851581376,0.300972702
sub-018,57,7,7,0.851581376,0.759597771
sub-018,58,8,5,1.277372064,-0.157652368
sub-018,59,8,6,1.277372064,0.300972702
sub-018,60,6,2,0.425790688,-1.533527576
sub-018,61,6,4,0.425790688,-0.616277437
sub-018,62,7,3,0.851581376,-1.074902506
sub-018,63,7,7,0.851581376,0.759597771
sub-018,64,7,5,0.851581376,-0.157652368
sub-018,65,8,4,1.277372064,-0.616277437
sub-018,66,7,5,0.851581376,-0.157652368
sub-018,67,7,2,0.851581376,-1.533527576
sub-018,68,6,2,0.425790688,-1.533527576
sub-018,69,6,3,0.425790688,-1.074902506
sub-018,70,7,2,0.851581376,-1.533527576
sub-018,71,7,2,0.851581376,-1.533527576
sub-018,72,6,2,0.425790688,-1.533527576
sub-018,73,6,3,0.425790688,-1.074902506
sub-018,74,5,6,0.0,0.300972702
sub-018,75,6,3,0.425790688,-1.074902506
sub-018,76,6,2,0.425790688,-1.533527576
sub-018,77,7,3,0.851581376,-1.074902506
sub-018,78,6,2,0.425790688,-1.533527576
sub-018,79,6,6,0.425790688,0.300972702
sub-018,80,4,7,-0.425790688,0.759597771
sub-018,81,2,8,-1.277372064,1.218222841
sub-018,82,3,8,-0.851581376,1.218222841
sub-018,83,3,6,-0.851581376,0.300972702
sub-018,84,4,6,-0.425790688,0.300972702
sub-018,85,4,4,-0.425790688,-0.616277437
sub-018,86,4,5,-0.425790688,-0.157652368
sub-018,87,2,8,-1.277372064,1.218222841
sub-018,88,3,8,-0.851581376,1.218222841
sub-018,89,2,8,-1.277372064,1.218222841
sub-018,90,1,8,-1.703162752,1.218222841
sub-018,91,3,3,-0.851581376,-1.074902506
sub-018,92,3,5,-0.851581376,-0.157652368
sub-018,93,3,7,-0.851581376,0.759597771
sub-018,94,2,5,-1.277372064,-0.157652368
sub-018,95,2,9,-1.277372064,1.67684791
sub-018,96,2,5,-1.277372064,-0.157652368
sub-019,1,5,1,-0.045833735,-1.424353236
sub-019,2,6,2,0.354169773,-1.050752387
sub-019,3,6,3,0.354169773,-0.677151538
sub-019,4,8,3,1.154176791,-0.677151538
sub-019,5,8,6,1.154176791,0.443651008
sub-019,6,6,3,0.354169773,-0.677151538
sub-019,7,8,8,1.154176791,1.190852705
sub-019,8,4,1,-0.445837244,-1.424353236
sub-019,9,8,7,1.154176791,0.817251856
sub-019,10,7,7,0.754173282,0.817251856
sub-019,11,7,6,0.754173282,0.443651008
sub-019,12,8,6,1.154176791,0.443651008
sub-019,13,9,7,1.5541803,0.817251856
sub-019,14,9,5,1.5541803,0.070050159
sub-019,15,10,6,1.954183809,0.443651008
sub-019,16,9,6,1.5541803,0.443651008
sub-019,17,3,1,-0.845840753,-1.424353236
sub-019,18,5,1,-0.045833735,-1.424353236
sub-019,19,6,6,0.354169773,0.443651008
sub-019,20,5,1,-0.045833735,-1.424353236
sub-019,21,8,7,1.154176791,0.817251856
sub-019,22,5,1,-0.045833735,-1.424353236
sub-019,23,7,4,0.754173282,-0.30355069
sub-019,24,7,7,0.754173282,0.817251856
sub-019,25,2,9,-1.245844262,1.564453554
sub-019,26,3,1,-0.845840753,-1.424353236
sub-019,27,2,9,-1.245844262,1.564453554
sub-019,28,1,9,-1.645847771,1.564453554
sub-019,29,8,8,1.154176791,1.190852705
sub-019,30,2,8,-1.245844262,1.190852705
sub-019,31,1,10,-1.645847771,1.938054402
sub-019,32,2,9,-1.245844262,1.564453554
sub-019,33,2,7,-1.245844262,0.817251856
sub-019,34,2,8,-1.245844262,1.190852705
sub-019,35,2,7,-1.245844262,0.817251856
sub-019,36,3,7,-0.845840753,0.817251856
sub-019,37,2,8,-1.245844262,1.190852705
sub-019,38,2,9,-1.245844262,1.564453554
sub-019,39,2,6,-1.245844262,0.443651008
sub-019,40,2,7,-1.245844262,0.817251856
sub-019,41,2,8,-1.245844262,1.190852705
sub-019,42,3,7,-0.845840753,0.817251856
sub-019,43,3,6,-0.845840753,0.443651008
sub-019,44,3,6,-0.845840753,0.443651008
sub-019,45,3,1,-0.845840753,-1.424353236
sub-019,46,1,7,-1.645847771,0.817251856
sub-019,47,3,7,-0.845840753,0.817251856
sub-019,48,2,8,-1.245844262,1.190852705
sub-019,49,9,5,1.5541803,0.070050159
sub-019,50,9,3,1.5541803,-0.677151538
sub-019,51,6,5,0.354169773,0.070050159
sub-019,52,5,3,-0.045833735,-0.677151538
sub-019,53,7,3,0.754173282,-0.677151538
sub-019,54,7,2,0.754173282,-1.050752387
sub-019,55,9,7,1.5541803,0.817251856
sub-019,56,5,2,-0.045833735,-1.050752387
sub-019,57,6,1,0.354169773,-1.424353236
sub-019,58,8,7,1.154176791,0.817251856
sub-019,59,7,3,0.754173282,-0.677151538
sub-019,60,6,3,0.354169773,-0.677151538
sub-019,61,6,3,0.354169773,-0.677151538
sub-019,62,8,4,1.154176791,-0.30355069
sub-019,63,5,1,-0.045833735,-1.424353236
sub-019,64,6,3,0.354169773,-0.677151538
sub-019,65,8,6,1.154176791,0.443651008
sub-019,66,8,6,1.154176791,0.443651008
sub-019,67,8,7,1.154176791,0.817251856
sub-019,68,7,6,0.754173282,0.443651008
sub-019,69,6,3,0.354169773,-0.677151538
sub-019,70,7,4,0.754173282,-0.30355069
sub-019,71,8,6,1.154176791,0.443651008
sub-019,72,5,1,-0.045833735,-1.424353236
sub-019,73,5,1,-0.045833735,-1.424353236
sub-019,74,8,3,1.154176791,-0.677151538
sub-019,75,5,1,-0.045833735,-1.424353236
sub-019,76,7,5,0.754173282,0.070050159
sub-019,77,5,1,-0.045833735,-1.424353236
sub-019,78,5,1,-0.045833735,-1.424353236
sub-019,79,8,2,1.154176791,-1.050752387
sub-019,80,5,1,-0.045833735,-1.424353236
sub-019,81,2,4,-1.245844262,-0.30355069
sub-019,82,3,6,-0.845840753,0.443651008
sub-019,83,3,4,-0.845840753,-0.30355069
sub-019,84,2,7,-1.245844262,0.817251856
sub-019,85,9,8,1.5541803,1.190852705
sub-019,86,5,1,-0.045833735,-1.424353236
sub-019,87,2,7,-1.245844262,0.817251856
sub-019,88,1,8,-1.645847771,1.190852705
sub-019,89,3,3,-0.845840753,-0.677151538
sub-019,90,5,1,-0.045833735,-1.424353236
sub-019,91,3,3,-0.845840753,-0.677151538
sub-019,92,3,6,-0.845840753,0.443651008
sub-019,93,3,8,-0.845840753,1.190852705
sub-019,94,3,6,-0.845840753,0.443651008
sub-019,95,3,3,-0.845840753,-0.677151538
sub-019,96,5,1,-0.045833735,-1.424353236
sub-020,1,9,9,1.531624495,1.723822298
sub-020,2,8,7,1.129886922,0.87517132
sub-020,3,10,9,1.933362067,1.723822298
sub-020,4,8,8,1.129886922,1.299496809
sub-020,5,10,10,1.933362067,2.148147786
sub-020,6,8,6,1.129886922,0.450845832
sub-020,7,9,9,1.531624495,1.723822298
sub-020,8,7,8,0.72814935,1.299496809
sub-020,9,8,4,1.129886922,-0.397805146
sub-020,10,9,6,1.531624495,0.450845832
sub-020,11,8,7,1.129886922,0.87517132
sub-020,12,10,7,1.933362067,0.87517132
sub-020,13,10,10,1.933362067,2.148147786
sub-020,14,8,8,1.129886922,1.299496809
sub-020,15,9,10,1.531624495,2.148147786
sub-020,16,9,9,1.531624495,1.723822298
sub-020,17,5,3,-0.075325795,-0.822130634
sub-020,18,8,6,1.129886922,0.450845832
sub-020,19,7,6,0.72814935,0.450845832
sub-020,20,6,4,0.326411778,-0.397805146
sub-020,21,8,9,1.129886922,1.723822298
sub-020,22,6,5,0.326411778,0.026520343
sub-020,23,8,8,1.129886922,1.299496809
sub-020,24,6,6,0.326411778,0.450845832
sub-020,25,3,4,-0.87880094,-0.397805146
sub-020,26,4,6,-0.477063367,0.450845832
sub-020,27,4,6,-0.477063367,0.450845832
sub-020,28,3,7,-0.87880094,0.87517132
sub-020,29,1,8,-1.682276084,1.299496809
sub-020,30,2,6,-1.280538512,0.450845832
sub-020,31,4,5,-0.477063367,0.026520343
sub-020,32,3,7,-0.87880094,0.87517132
sub-020,33,2,4,-1.280538512,-0.397805146
sub-020,34,3,6,-0.87880094,0.450845832
sub-020,35,3,3,-0.87880094,-0.822130634
sub-020,36,4,6,-0.477063367,0.450845832
sub-020,37,1,6,-1.682276084,0.450845832
sub-020,38,1,6,-1.682276084,0.450845832
sub-020,39,4,3,-0.477063367,-0.822130634
sub-020,40,4,6,-0.477063367,0.450845832
sub-020,41,3,3,-0.87880094,-0.822130634
sub-020,42,4,7,-0.477063367,0.87517132
sub-020,43,4,5,-0.477063367,0.026520343
sub-020,44,4,5,-0.477063367,0.026520343
sub-020,45,3,5,-0.87880094,0.026520343
sub-020,46,3,4,-0.87880094,-0.397805146
sub-020,47,3,6,-0.87880094,0.450845832
sub-020,48,4,5,-0.477063367,0.026520343
sub-020,49,6,4,0.326411778,-0.397805146
sub-020,50,8,1,1.129886922,-1.670781612
sub-020,51,7,4,0.72814935,-0.397805146
sub-020,52,6,1,0.326411778,-1.670781612
sub-020,53,6,1,0.326411778,-1.670781612
sub-020,54,8,3,1.129886922,-0.822130634
sub-020,55,8,9,1.129886922,1.723822298
sub-020,56,5,3,-0.075325795,-0.822130634
sub-020,57,7,3,0.72814935,-0.822130634
sub-020,58,7,2,0.72814935,-1.246456123
sub-020,59,8,6,1.129886922,0.450845832
sub-020,60,7,3,0.72814935,-0.822130634
sub-020,61,6,1,0.326411778,-1.670781612
sub-020,62,7,2,0.72814935,-1.246456123
sub-020,63,7,1,0.72814935,-1.670781612
sub-020,64,6,3,0.326411778,-0.822130634
sub-020,65,6,3,0.326411778,-0.822130634
sub-020,66,3,3,-0.87880094,-0.822130634
sub-020,67,7,2,0.72814935,-1.246456123
sub-020,68,6,2,0.326411778,-1.246456123
sub-020,69,7,1,0.72814935,-1.670781612
sub-020,70,7,2,0.72814935,-1.246456123
sub-020,71,4,3,-0.477063367,-0.822130634
sub-020,72,7,2,0.72814935,-1.246456123
sub-020,73,4,4,-0.477063367,-0.397805146
sub-020,74,4,3,-0.477063367,-0.822130634
sub-020,75,4,3,-0.477063367,-0.822130634
sub-020,76,3,2,-0.87880094,-1.246456123
sub-020,77,4,2,-0.477063367,-1.246456123
sub-020,78,5,4,-0.075325795,-0.397805146
sub-020,79,4,5,-0.477063367,0.026520343
sub-020,80,4,4,-0.477063367,-0.397805146
sub-020,81,3,6,-0.87880094,0.450845832
sub-020,82,3,7,-0.87880094,0.87517132
sub-020,83,1,6,-1.682276084,0.450845832
sub-020,84,4,6,-0.477063367,0.450845832
sub-020,85,1,3,-1.682276084,-0.822130634
sub-020,86,1,4,-1.682276084,-0.397805146
sub-020,87,3,7,-0.87880094,0.87517132
sub-020,88,1,7,-1.682276084,0.87517132
sub-020,89,3,4,-0.87880094,-0.397805146
sub-020,90,4,4,-0.477063367,-0.397805146
sub-020,91,3,4,-0.87880094,-0.397805146
sub-020,92,4,3,-0.477063367,-0.822130634
sub-020,93,2,6,-1.280538512,0.450845832
sub-020,94,2,4,-1.280538512,-0.397805146
sub-020,95,3,6,-0.87880094,0.450845832
sub-020,96,4,2,-0.477063367,-1.246456123
sub-022,1,8,9,0.943872991,1.44735011
sub-022,2,7,4,0.561544691,-0.466501275
sub-022,3,8,8,0.943872991,1.064579833
sub-022,4,7,2,0.561544691,-1.232041829
sub-022,5,9,9,1.326201291,1.44735011
sub-022,6,8,9,0.943872991,1.44735011
sub-022,7,8,7,0.943872991,0.681809556
sub-022,8,8,7,0.943872991,0.681809556
sub-022,9,8,9,0.943872991,1.44735011
sub-022,10,7,3,0.561544691,-0.849271552
sub-022,11,9,9,1.326201291,1.44735011
sub-022,12,10,9,1.708529591,1.44735011
sub-022,13,9,9,1.326201291,1.44735011
sub-022,14,8,9,0.943872991,1.44735011
sub-022,15,9,10,1.326201291,1.830120387
sub-022,16,8,9,0.943872991,1.44735011
sub-022,17,6,2,0.179216391,-1.232041829
sub-022,18,6,1,0.179216391,-1.614812106
sub-022,19,8,7,0.943872991,0.681809556
sub-022,20,7,6,0.561544691,0.299039279
sub-022,21,9,10,1.326201291,1.830120387
sub-022,22,9,7,1.326201291,0.681809556
sub-022,23,9,9,1.326201291,1.44735011
sub-022,24,9,7,1.326201291,0.681809556
sub-022,25,3,2,-0.96776851,-1.232041829
sub-022,26,3,1,-0.96776851,-1.614812106
sub-022,27,3,2,-0.96776851,-1.232041829
sub-022,28,3,2,-0.96776851,-1.232041829
sub-022,29,2,5,-1.35009681,-0.083730998
sub-022,30,2,6,-1.35009681,0.299039279
sub-022,31,3,6,-0.96776851,0.299039279
sub-022,32,4,6,-0.58544021,0.299039279
sub-022,33,2,4,-1.35009681,-0.466501275
sub-022,34,3,2,-0.96776851,-1.232041829
sub-022,35,3,2,-0.96776851,-1.232041829
sub-022,36,3,2,-0.96776851,-1.232041829
sub-022,37,2,7,-1.35009681,0.681809556
sub-022,38,2,6,-1.35009681,0.299039279
sub-022,39,3,7,-0.96776851,0.681809556
sub-022,40,4,3,-0.58544021,-0.849271552
sub-022,41,4,2,-0.58544021,-1.232041829
sub-022,42,5,1,-0.203111909,-1.614812106
sub-022,43,3,2,-0.96776851,-1.232041829
sub-022,44,3,2,-0.96776851,-1.232041829
sub-022,45,3,5,-0.96776851,-0.083730998
sub-022,46,2,6,-1.35009681,0.299039279
sub-022,47,3,2,-0.96776851,-1.232041829
sub-022,48,3,2,-0.96776851,-1.232041829
sub-022,49,8,7,0.943872991,0.681809556
sub-022,50,8,3,0.943872991,-0.849271552
sub-022,51,9,9,1.326201291,1.44735011
sub-022,52,7,4,0.561544691,-0.466501275
sub-022,53,6,6,0.179216391,0.299039279
sub-022,54,9,7,1.326201291,0.681809556
sub-022,55,7,6,0.561544691,0.299039279
sub-022,56,8,3,0.943872991,-0.849271552
sub-022,57,8,6,0.943872991,0.299039279
sub-022,58,7,4,0.561544691,-0.466501275
sub-022,59,9,9,1.326201291,1.44735011
sub-022,60,9,9,1.326201291,1.44735011
sub-022,61,9,9,1.326201291,1.44735011
sub-022,62,8,6,0.943872991,0.299039279
sub-022,63,9,6,1.326201291,0.299039279
sub-022,64,8,6,0.943872991,0.299039279
sub-022,65,8,6,0.943872991,0.299039279
sub-022,66,6,2,0.179216391,-1.232041829
sub-022,67,8,4,0.943872991,-0.466501275
sub-022,68,7,6,0.561544691,0.299039279
sub-022,69,7,6,0.561544691,0.299039279
sub-022,70,7,4,0.561544691,-0.466501275
sub-022,71,7,6,0.561544691,0.299039279
sub-022,72,7,6,0.561544691,0.299039279
sub-022,73,5,6,-0.203111909,0.299039279
sub-022,74,5,1,-0.203111909,-1.614812106
sub-022,75,5,3,-0.203111909,-0.849271552
sub-022,76,5,3,-0.203111909,-0.849271552
sub-022,77,5,2,-0.203111909,-1.232041829
sub-022,78,2,6,-1.35009681,0.299039279
sub-022,79,5,6,-0.203111909,0.299039279
sub-022,80,4,6,-0.58544021,0.299039279
sub-022,81,3,2,-0.96776851,-1.232041829
sub-022,82,3,6,-0.96776851,0.299039279
sub-022,83,1,7,-1.73242511,0.681809556
sub-022,84,4,1,-0.58544021,-1.614812106
sub-022,85,2,6,-1.35009681,0.299039279
sub-022,86,2,6,-1.35009681,0.299039279
sub-022,87,2,7,-1.35009681,0.681809556
sub-022,88,3,1,-0.96776851,-1.614812106
sub-022,89,3,2,-0.96776851,-1.232041829
sub-022,90,5,2,-0.203111909,-1.232041829
sub-022,91,4,2,-0.58544021,-1.232041829
sub-022,92,2,6,-1.35009681,0.299039279
sub-022,93,1,6,-1.73242511,0.299039279
sub-022,94,2,6,-1.35009681,0.299039279
sub-022,95,3,6,-0.96776851,0.299039279
sub-022,96,4,6,-0.58544021,0.299039279
sub-023,1,8,5,1.1093349,-0.588550865
sub-023,2,7,6,0.75669864,-0.079533901
sub-023,3,9,7,1.46197116,0.429483064
sub-023,4,8,5,1.1093349,-0.588550865
sub-023,5,9,8,1.46197116,0.938500028
sub-023,6,8,7,1.1093349,0.429483064
sub-023,7,7,6,0.75669864,-0.079533901
sub-023,8,8,7,1.1093349,0.429483064
sub-023,9,8,5,1.1093349,-0.588550865
sub-023,10,6,5,0.404062381,-0.588550865
sub-023,11,8,6,1.1093349,-0.079533901
sub-023,12,8,6,1.1093349,-0.079533901
sub-023,13,9,10,1.46197116,1.956533956
sub-023,14,8,8,1.1093349,0.938500028
sub-023,15,8,7,1.1093349,0.429483064
sub-023,16,8,5,1.1093349,-0.588550865
sub-023,17,4,6,-0.301210138,-0.079533901
sub-023,18,6,5,0.404062381,-0.588550865
sub-023,19,5,5,0.051426121,-0.588550865
sub-023,20,5,4,0.051426121,-1.097567829
sub-023,21,5,9,0.051426121,1.447516992
sub-023,22,5,4,0.051426121,-1.097567829
sub-023,23,5,5,0.051426121,-0.588550865
sub-023,24,4,5,-0.301210138,-0.588550865
sub-023,25,2,6,-1.006482658,-0.079533901
sub-023,26,2,9,-1.006482658,1.447516992
sub-023,27,2,9,-1.006482658,1.447516992
sub-023,28,1,10,-1.359118917,1.956533956
sub-023,29,1,10,-1.359118917,1.956533956
sub-023,30,1,8,-1.359118917,0.938500028
sub-023,31,1,10,-1.359118917,1.956533956
sub-023,32,2,8,-1.006482658,0.938500028
sub-023,33,2,8,-1.006482658,0.938500028
sub-023,34,2,7,-1.006482658,0.429483064
sub-023,35,2,8,-1.006482658,0.938500028
sub-023,36,3,5,-0.653846398,-0.588550865
sub-023,37,2,8,-1.006482658,0.938500028
sub-023,38,2,4,-1.006482658,-1.097567829
sub-023,39,2,5,-1.006482658,-0.588550865
sub-023,40,2,6,-1.006482658,-0.079533901
sub-023,41,2,10,-1.006482658,1.956533956
sub-023,42,2,8,-1.006482658,0.938500028
sub-023,43,2,8,-1.006482658,0.938500028
sub-023,44,2,9,-1.006482658,1.447516992
sub-023,45,2,6,-1.006482658,-0.079533901
sub-023,46,1,8,-1.359118917,0.938500028
sub-023,47,2,6,-1.006482658,-0.079533901
sub-023,48,1,8,-1.359118917,0.938500028
sub-023,49,8,3,1.1093349,-1.606584793
sub-023,50,8,4,1.1093349,-1.097567829
sub-023,51,9,5,1.46197116,-0.588550865
sub-023,52,7,6,0.75669864,-0.079533901
sub-023,53,7,2,0.75669864,-2.115601757
sub-023,54,9,3,1.46197116,-1.606584793
sub-023,55,8,8,1.1093349,0.938500028
sub-023,56,7,3,0.75669864,-1.606584793
sub-023,57,8,4,1.1093349,-1.097567829
sub-023,58,7,7,0.75669864,0.429483064
sub-023,59,8,6,1.1093349,-0.079533901
sub-023,60,7,4,0.75669864,-1.097567829
sub-023,61,8,8,1.1093349,0.938500028
sub-023,62,9,3,1.46197116,-1.606584793
sub-023,63,8,4,1.1093349,-1.097567829
sub-023,64,8,4,1.1093349,-1.097567829
sub-023,65,8,7,1.1093349,0.429483064
sub-023,66,8,7,1.1093349,0.429483064
sub-023,67,8,3,1.1093349,-1.606584793
sub-023,68,6,5,0.404062381,-0.588550865
sub-023,69,8,4,1.1093349,-1.097567829
sub-023,70,8,4,1.1093349,-1.097567829
sub-023,71,8,3,1.1093349,-1.606584793
sub-023,72,7,3,0.75669864,-1.606584793
sub-023,73,4,5,-0.301210138,-0.588550865
sub-023,74,2,8,-1.006482658,0.938500028
sub-023,75,4,4,-0.301210138,-1.097567829
sub-023,76,6,5,0.404062381,-0.588550865
sub-023,77,7,3,0.75669864,-1.606584793
sub-023,78,6,6,0.404062381,-0.079533901
sub-023,79,5,6,0.051426121,-0.079533901
sub-023,80,4,5,-0.301210138,-0.588550865
sub-023,81,2,8,-1.006482658,0.938500028
sub-023,82,2,6,-1.006482658,-0.079533901
sub-023,83,2,6,-1.006482658,-0.079533901
sub-023,84,2,7,-1.006482658,0.429483064
sub-023,85,2,7,-1.006482658,0.429483064
sub-023,86,3,6,-0.653846398,-0.079533901
sub-023,87,2,7,-1.006482658,0.429483064
sub-023,88,2,10,-1.006482658,1.956533956
sub-023,89,1,9,-1.359118917,1.447516992
sub-023,90,2,4,-1.006482658,-1.097567829
sub-023,91,2,6,-1.006482658,-0.079533901
sub-023,92,2,6,-1.006482658,-0.079533901
sub-023,93,2,7,-1.006482658,0.429483064
sub-023,94,2,6,-1.006482658,-0.079533901
sub-023,95,2,6,-1.006482658,-0.079533901
sub-023,96,2,8,-1.006482658,0.938500028
sub-024,1,6,7,0.338472852,0.597614305
sub-024,2,7,7,0.783587836,0.597614305
sub-024,3,7,6,0.783587836,0.0
sub-024,4,7,6,0.783587836,0.0
sub-024,5,8,7,1.22870282,0.597614305
sub-024,6,7,5,0.783587836,-0.597614305
sub-024,7,9,8,1.673817804,1.195228609
sub-024,8,8,9,1.22870282,1.792842914
sub-024,9,8,6,1.22870282,0.0
sub-024,10,8,6,1.22870282,0.0
sub-024,11,8,7,1.22870282,0.597614305
sub-024,12,9,7,1.673817804,0.597614305
sub-024,13,9,9,1.673817804,1.792842914
sub-024,14,8,7,1.22870282,0.597614305
sub-024,15,9,9,1.673817804,1.792842914
sub-024,16,9,8,1.673817804,1.195228609
sub-024,17,6,7,0.338472852,0.597614305
sub-024,18,7,6,0.783587836,0.0
sub-024,19,8,8,1.22870282,1.195228609
sub-024,20,7,7,0.783587836,0.597614305
sub-024,21,8,8,1.22870282,1.195228609
sub-024,22,7,7,0.783587836,0.597614305
sub-024,23,8,8,1.22870282,1.195228609
sub-024,24,9,8,1.673817804,1.195228609
sub-024,25,2,8,-1.441987084,1.195228609
sub-024,26,3,8,-0.9968721,1.195228609
sub-024,27,2,8,-1.441987084,1.195228609
sub-024,28,2,9,-1.441987084,1.792842914
sub-024,29,2,8,-1.441987084,1.195228609
sub-024,30,3,6,-0.9968721,0.0
sub-024,31,3,8,-0.9968721,1.195228609
sub-024,32,2,8,-1.441987084,1.195228609
sub-024,33,2,7,-1.441987084,0.597614305
sub-024,34,3,6,-0.9968721,0.0
sub-024,35,4,7,-0.551757116,0.597614305
sub-024,36,5,6,-0.106642132,0.0
sub-024,37,4,5,-0.551757116,-0.597614305
sub-024,38,3,8,-0.9968721,1.195228609
sub-024,39,3,8,-0.9968721,1.195228609
sub-024,40,3,7,-0.9968721,0.597614305
sub-024,41,2,6,-1.441987084,0.0
sub-024,42,4,6,-0.551757116,0.0
sub-024,43,5,6,-0.106642132,0.0
sub-024,44,4,7,-0.551757116,0.597614305
sub-024,45,3,7,-0.9968721,0.597614305
sub-024,46,3,4,-0.9968721,-1.195228609
sub-024,47,3,7,-0.9968721,0.597614305
sub-024,48,2,6,-1.441987084,0.0
sub-024,49,8,3,1.22870282,-1.792842914
sub-024,50,7,2,0.783587836,-2.390457219
sub-024,51,7,6,0.783587836,0.0
sub-024,52,6,6,0.338472852,0.0
sub-024,53,7,3,0.783587836,-1.792842914
sub-024,54,7,3,0.783587836,-1.792842914
sub-024,55,8,7,1.22870282,0.597614305
sub-024,56,6,4,0.338472852,-1.195228609
sub-024,57,7,5,0.783587836,-0.597614305
sub-024,58,7,3,0.783587836,-1.792842914
sub-024,59,7,4,0.783587836,-1.195228609
sub-024,60,7,4,0.783587836,-1.195228609
sub-024,61,6,2,0.338472852,-2.390457219
sub-024,62,7,2,0.783587836,-2.390457219
sub-024,63,6,4,0.338472852,-1.195228609
sub-024,64,7,7,0.783587836,0.597614305
sub-024,65,6,5,0.338472852,-0.597614305
sub-024,66,8,5,1.22870282,-0.597614305
sub-024,67,6,5,0.338472852,-0.597614305
sub-024,68,6,5,0.338472852,-0.597614305
sub-024,69,6,4,0.338472852,-1.195228609
sub-024,70,6,5,0.338472852,-0.597614305
sub-024,71,7,7,0.783587836,0.597614305
sub-024,72,6,5,0.338472852,-0.597614305
sub-024,73,4,5,-0.551757116,-0.597614305
sub-024,74,4,5,-0.551757116,-0.597614305
sub-024,75,3,5,-0.9968721,-0.597614305
sub-024,76,5,4,-0.106642132,-1.195228609
sub-024,77,5,3,-0.106642132,-1.792842914
sub-024,78,5,5,-0.106642132,-0.597614305
sub-024,79,4,5,-0.551757116,-0.597614305
sub-024,80,5,5,-0.106642132,-0.597614305
sub-024,81,3,7,-0.9968721,0.597614305
sub-024,82,2,6,-1.441987084,0.0
sub-024,83,3,7,-0.9968721,0.597614305
sub-024,84,4,8,-0.551757116,1.195228609
sub-024,85,4,5,-0.551757116,-0.597614305
sub-024,86,4,6,-0.551757116,0.0
sub-024,87,2,6,-1.441987084,0.0
sub-024,88,3,8,-0.9968721,1.195228609
sub-024,89,2,5,-1.441987084,-0.597614305
sub-024,90,2,5,-1.441987084,-0.597614305
sub-024,91,3,5,-0.9968721,-0.597614305
sub-024,92,4,5,-0.551757116,-0.597614305
sub-024,93,4,4,-0.551757116,-1.195228609
sub-024,94,3,5,-0.9968721,-0.597614305
sub-024,95,3,6,-0.9968721,0.0
sub-024,96,2,6,-1.441987084,0.0
sub-025,1,6,4,0.319029777,-0.071899351
sub-025,2,7,3,0.679345761,-0.532055194
sub-025,3,6,7,0.319029777,1.30856818
sub-025,4,6,4,0.319029777,-0.071899351
sub-025,5,8,8,1.039661745,1.768724024
sub-025,6,7,7,0.679345761,1.30856818
sub-025,7,8,6,1.039661745,0.848412337
sub-025,8,8,9,1.039661745,2.228879868
sub-025,9,8,4,1.039661745,-0.071899351
sub-025,10,8,3,1.039661745,-0.532055194
sub-025,11,8,2,1.039661745,-0.992211038
sub-025,12,8,3,1.039661745,-0.532055194
sub-025,13,9,3,1.399977729,-0.532055194
sub-025,14,8,5,1.039661745,0.388256493
sub-025,15,8,7,1.039661745,1.30856818
sub-025,16,8,6,1.039661745,0.848412337
sub-025,17,6,3,0.319029777,-0.532055194
sub-025,18,8,4,1.039661745,-0.071899351
sub-025,19,5,5,-0.041286206,0.388256493
sub-025,20,5,4,-0.041286206,-0.071899351
sub-025,21,10,6,1.760293713,0.848412337
sub-025,22,5,4,-0.041286206,-0.071899351
sub-025,23,8,7,1.039661745,1.30856818
sub-025,24,8,8,1.039661745,1.768724024
sub-025,25,3,2,-0.761918174,-0.992211038
sub-025,26,1,7,-1.482550142,1.30856818
sub-025,27,3,5,-0.761918174,0.388256493
sub-025,28,3,7,-0.761918174,1.30856818
sub-025,29,1,10,-1.482550142,2.689035711
sub-025,30,4,6,-0.40160219,0.848412337
sub-025,31,1,10,-1.482550142,2.689035711
sub-025,32,2,3,-1.122234158,-0.532055194
sub-025,33,2,2,-1.122234158,-0.992211038
sub-025,34,1,3,-1.482550142,-0.532055194
sub-025,35,3,4,-0.761918174,-0.071899351
sub-025,36,2,3,-1.122234158,-0.532055194
sub-025,37,2,8,-1.122234158,1.768724024
sub-025,38,1,8,-1.482550142,1.768724024
sub-025,39,2,4,-1.122234158,-0.071899351
sub-025,40,2,3,-1.122234158,-0.532055194
sub-025,41,3,3,-0.761918174,-0.532055194
sub-025,42,2,2,-1.122234158,-0.992211038
sub-025,43,2,3,-1.122234158,-0.532055194
sub-025,44,2,3,-1.122234158,-0.532055194
sub-025,45,2,2,-1.122234158,-0.992211038
sub-025,46,2,3,-1.122234158,-0.532055194
sub-025,47,3,4,-0.761918174,-0.071899351
sub-025,48,2,2,-1.122234158,-0.992211038
sub-025,49,9,2,1.399977729,-0.992211038
sub-025,50,9,2,1.399977729,-0.992211038
sub-025,51,7,4,0.679345761,-0.071899351
sub-025,52,6,4,0.319029777,-0.071899351
sub-025,53,8,2,1.039661745,-0.992211038
sub-025,54,9,2,1.399977729,-0.992211038
sub-025,55,7,8,0.679345761,1.768724024
sub-025,56,6,4,0.319029777,-0.071899351
sub-025,57,8,3,1.039661745,-0.532055194
sub-025,58,8,3,1.039661745,-0.532055194
sub-025,59,7,7,0.679345761,1.30856818
sub-025,60,7,5,0.679345761,0.388256493
sub-025,61,8,2,1.039661745,-0.992211038
sub-025,62,10,1,1.760293713,-1.452366881
sub-025,63,9,1,1.399977729,-1.452366881
sub-025,64,7,6,0.679345761,0.848412337
sub-025,65,9,2,1.399977729,-0.992211038
sub-025,66,9,1,1.399977729,-1.452366881
sub-025,67,8,3,1.039661745,-0.532055194
sub-025,68,6,2,0.319029777,-0.992211038
sub-025,69,9,1,1.399977729,-1.452366881
sub-025,70,9,1,1.399977729,-1.452366881
sub-025,71,7,3,0.679345761,-0.532055194
sub-025,72,7,4,0.679345761,-0.071899351
sub-025,73,5,3,-0.041286206,-0.532055194
sub-025,74,5,3,-0.041286206,-0.532055194
sub-025,75,5,5,-0.041286206,0.388256493
sub-025,76,5,5,-0.041286206,0.388256493
sub-025,77,5,3,-0.041286206,-0.532055194
sub-025,78,4,2,-0.40160219,-0.992211038
sub-025,79,4,5,-0.40160219,0.388256493
sub-025,80,4,4,-0.40160219,-0.071899351
sub-025,81,2,3,-1.122234158,-0.532055194
sub-025,82,2,3,-1.122234158,-0.532055194
sub-025,83,2,2,-1.122234158,-0.992211038
sub-025,84,2,4,-1.122234158,-0.071899351
sub-025,85,2,6,-1.122234158,0.848412337
sub-025,86,2,4,-1.122234158,-0.071899351
sub-025,87,2,6,-1.122234158,0.848412337
sub-025,88,2,9,-1.122234158,2.228879868
sub-025,89,2,3,-1.122234158,-0.532055194
sub-025,90,3,4,-0.761918174,-0.071899351
sub-025,91,4,3,-0.40160219,-0.532055194
sub-025,92,4,4,-0.40160219,-0.071899351
sub-025,93,2,8,-1.122234158,1.768724024
sub-025,94,2,2,-1.122234158,-0.992211038
sub-025,95,2,3,-1.122234158,-0.532055194
sub-025,96,3,3,-0.761918174,-0.532055194
sub-026,1,10,10,1.332453732,1.6315012
sub-026,2,6,2,0.172221911,-0.910066592
sub-026,3,7,8,0.462279866,0.996109252
sub-026,4,10,9,1.332453732,1.313805226
sub-026,5,8,8,0.752337822,0.996109252
sub-026,6,10,7,1.332453732,0.678413278
sub-026,7,8,10,0.752337822,1.6315012
sub-026,8,10,10,1.332453732,1.6315012
sub-026,9,9,9,1.042395777,1.313805226
sub-026,10,5,3,-0.117836044,-0.592370618
sub-026,11,10,10,1.332453732,1.6315012
sub-026,12,3,3,-0.697951955,-0.592370618
sub-026,13,10,10,1.332453732,1.6315012
sub-026,14,9,9,1.042395777,1.313805226
sub-026,15,10,10,1.332453732,1.6315012
sub-026,16,10,10,1.332453732,1.6315012
sub-026,17,5,5,-0.117836044,0.04302133
sub-026,18,4,4,-0.407894,-0.274674644
sub-026,19,3,3,-0.697951955,-0.592370618
sub-026,20,5,5,-0.117836044,0.04302133
sub-026,21,3,7,-0.697951955,0.678413278
sub-026,22,8,7,0.752337822,0.678413278
sub-026,23,10,10,1.332453732,1.6315012
sub-026,24,4,6,-0.407894,0.360717304
sub-026,25,5,5,-0.117836044,0.04302133
sub-026,26,5,5,-0.117836044,0.04302133
sub-026,27,3,3,-0.697951955,-0.592370618
sub-026,28,4,3,-0.407894,-0.592370618
sub-026,29,1,7,-1.278067866,0.678413278
sub-026,30,1,1,-1.278067866,-1.227762566
sub-026,31,5,5,-0.117836044,0.04302133
sub-026,32,2,8,-0.98800991,0.996109252
sub-026,33,1,7,-1.278067866,0.678413278
sub-026,34,5,5,-0.117836044,0.04302133
sub-026,35,5,5,-0.117836044,0.04302133
sub-026,36,3,8,-0.697951955,0.996109252
sub-026,37,1,1,-1.278067866,-1.227762566
sub-026,38,1,1,-1.278067866,-1.227762566
sub-026,39,5,5,-0.117836044,0.04302133
sub-026,40,5,5,-0.117836044,0.04302133
sub-026,41,3,2,-0.697951955,-0.910066592
sub-026,42,5,5,-0.117836044,0.04302133
sub-026,43,4,5,-0.407894,0.04302133
sub-026,44,5,5,-0.117836044,0.04302133
sub-026,45,1,1,-1.278067866,-1.227762566
sub-026,46,1,1,-1.278067866,-1.227762566
sub-026,47,2,7,-0.98800991,0.678413278
sub-026,48,5,5,-0.117836044,0.04302133
sub-026,49,8,2,0.752337822,-0.910066592
sub-026,50,5,3,-0.117836044,-0.592370618
sub-026,51,10,10,1.332453732,1.6315012
sub-026,52,9,9,1.042395777,1.313805226
sub-026,53,10,2,1.332453732,-0.910066592
sub-026,54,10,4,1.332453732,-0.274674644
sub-026,55,10,10,1.332453732,1.6315012
sub-026,56,10,10,1.332453732,1.6315012
sub-026,57,10,10,1.332453732,1.6315012
sub-026,58,7,2,0.462279866,-0.910066592
sub-026,59,10,9,1.332453732,1.313805226
sub-026,60,8,7,0.752337822,0.678413278
sub-026,61,10,10,1.332453732,1.6315012
sub-026,62,9,2,1.042395777,-0.910066592
sub-026,63,10,3,1.332453732,-0.592370618
sub-026,64,10,3,1.332453732,-0.592370618
sub-026,65,7,6,0.462279866,0.360717304
sub-026,66,9,6,1.042395777,0.360717304
sub-026,67,10,3,1.332453732,-0.592370618
sub-026,68,8,6,0.752337822,0.360717304
sub-026,69,8,3,0.752337822,-0.592370618
sub-026,70,10,2,1.332453732,-0.910066592
sub-026,71,10,8,1.332453732,0.996109252
sub-026,72,10,2,1.332453732,-0.910066592
sub-026,73,4,4,-0.407894,-0.274674644
sub-026,74,1,1,-1.278067866,-1.227762566
sub-026,75,2,1,-0.98800991,-1.227762566
sub-026,76,1,1,-1.278067866,-1.227762566
sub-026,77,1,1,-1.278067866,-1.227762566
sub-026,78,1,1,-1.278067866,-1.227762566
sub-026,79,2,2,-0.98800991,-0.910066592
sub-026,80,1,1,-1.278067866,-1.227762566
sub-026,81,1,1,-1.278067866,-1.227762566
sub-026,82,4,4,-0.407894,-0.274674644
sub-026,83,2,2,-0.98800991,-0.910066592
sub-026,84,4,5,-0.407894,0.04302133
sub-026,85,1,1,-1.278067866,-1.227762566
sub-026,86,2,5,-0.98800991,0.04302133
sub-026,87,3,6,-0.697951955,0.360717304
sub-026,88,3,8,-0.697951955,0.996109252
sub-026,89,1,1,-1.278067866,-1.227762566
sub-026,90,3,2,-0.697951955,-0.910066592
sub-026,91,3,3,-0.697951955,-0.592370618
sub-026,92,1,1,-1.278067866,-1.227762566
sub-026,93,1,1,-1.278067866,-1.227762566
sub-026,94,1,1,-1.278067866,-1.227762566
sub-026,95,2,1,-0.98800991,-1.227762566
sub-026,96,1,1,-1.278067866,-1.227762566
sub-027,1,8,2,1.188280905,-2.003447687
sub-027,2,8,7,1.188280905,0.645739337
sub-027,3,8,7,1.188280905,0.645739337
sub-027,4,6,6,0.401556995,0.115901932
sub-027,5,7,7,0.79491895,0.645739337
sub-027,6,8,7,1.188280905,0.645739337
sub-027,7,9,8,1.58164286,1.175576742
sub-027,8,7,6,0.79491895,0.115901932
sub-027,9,8,6,1.188280905,0.115901932
sub-027,10,8,6,1.188280905,0.115901932
sub-027,11,8,7,1.188280905,0.645739337
sub-027,12,6,5,0.401556995,-0.413935473
sub-027,13,10,6,1.975004814,0.115901932
sub-027,14,9,9,1.58164286,1.705414147
sub-027,15,9,8,1.58164286,1.175576742
sub-027,16,8,6,1.188280905,0.115901932
sub-027,17,4,6,-0.385166914,0.115901932
sub-027,18,4,5,-0.385166914,-0.413935473
sub-027,19,3,6,-0.778528869,0.115901932
sub-027,20,3,6,-0.778528869,0.115901932
sub-027,21,8,5,1.188280905,-0.413935473
sub-027,22,8,7,1.188280905,0.645739337
sub-027,23,8,7,1.188280905,0.645739337
sub-027,24,2,6,-1.171890823,0.115901932
sub-027,25,2,9,-1.171890823,1.705414147
sub-027,26,4,6,-0.385166914,0.115901932
sub-027,27,2,8,-1.171890823,1.175576742
sub-027,28,3,7,-0.778528869,0.645739337
sub-027,29,1,7,-1.565252778,0.645739337
sub-027,30,3,7,-0.778528869,0.645739337
sub-027,31,3,7,-0.778528869,0.645739337
sub-027,32,1,10,-1.565252778,2.235251552
sub-027,33,1,8,-1.565252778,1.175576742
sub-027,34,2,5,-1.171890823,-0.413935473
sub-027,35,3,7,-0.778528869,0.645739337
sub-027,36,4,6,-0.385166914,0.115901932
sub-027,37,2,7,-1.171890823,0.645739337
sub-027,38,1,5,-1.565252778,-0.413935473
sub-027,39,1,7,-1.565252778,0.645739337
sub-027,40,3,5,-0.778528869,-0.413935473
sub-027,41,4,6,-0.385166914,0.115901932
sub-027,42,4,6,-0.385166914,0.115901932
sub-027,43,4,6,-0.385166914,0.115901932
sub-027,44,4,6,-0.385166914,0.115901932
sub-027,45,1,5,-1.565252778,-0.413935473
sub-027,46,3,6,-0.778528869,0.115901932
sub-027,47,2,9,-1.171890823,1.705414147
sub-027,48,3,5,-0.778528869,-0.413935473
sub-027,49,6,6,0.401556995,0.115901932
sub-027,50,7,1,0.79491895,-2.533285092
sub-027,51,7,4,0.79491895,-0.943772878
sub-027,52,6,4,0.401556995,-0.943772878
sub-027,53,8,3,1.188280905,-1.473610283
sub-027,54,8,2,1.188280905,-2.003447687
sub-027,55,7,9,0.79491895,1.705414147
sub-027,56,7,6,0.79491895,0.115901932
sub-027,57,7,4,0.79491895,-0.943772878
sub-027,58,8,1,1.188280905,-2.533285092
sub-027,59,7,3,0.79491895,-1.473610283
sub-027,60,7,6,0.79491895,0.115901932
sub-027,61,8,3,1.188280905,-1.473610283
sub-027,62,8,7,1.188280905,0.645739337
sub-027,63,7,2,0.79491895,-2.003447687
sub-027,64,6,4,0.401556995,-0.943772878
sub-027,65,8,3,1.188280905,-1.473610283
sub-027,66,9,3,1.58164286,-1.473610283
sub-027,67,7,2,0.79491895,-2.003447687
sub-027,68,7,4,0.79491895,-0.943772878
sub-027,69,6,5,0.401556995,-0.413935473
sub-027,70,8,3,1.188280905,-1.473610283
sub-027,71,6,5,0.401556995,-0.413935473
sub-027,72,6,1,0.401556995,-2.533285092
sub-027,73,4,7,-0.385166914,0.645739337
sub-027,74,4,6,-0.385166914,0.115901932
sub-027,75,8,6,1.188280905,0.115901932
sub-027,76,4,6,-0.385166914,0.115901932
sub-027,77,4,7,-0.385166914,0.645739337
sub-027,78,4,3,-0.385166914,-1.473610283
sub-027,79,3,7,-0.778528869,0.645739337
sub-027,80,4,6,-0.385166914,0.115901932
sub-027,81,2,9,-1.171890823,1.705414147
sub-027,82,3,5,-0.778528869,-0.413935473
sub-027,83,3,7,-0.778528869,0.645739337
sub-027,84,4,6,-0.385166914,0.115901932
sub-027,85,3,7,-0.778528869,0.645739337
sub-027,86,4,6,-0.385166914,0.115901932
sub-027,87,3,7,-0.778528869,0.645739337
sub-027,88,3,7,-0.778528869,0.645739337
sub-027,89,2,6,-1.171890823,0.115901932
sub-027,90,3,8,-0.778528869,1.175576742
sub-027,91,1,6,-1.565252778,0.115901932
sub-027,92,3,6,-0.778528869,0.115901932
sub-027,93,2,5,-1.171890823,-0.413935473
sub-027,94,3,5,-0.778528869,-0.413935473
sub-027,95,4,7,-0.385166914,0.645739337
sub-027,96,1,8,-1.565252778,1.175576742
sub-028,1,7,4,0.883903447,0.263615651
sub-028,2,6,4,0.457497764,0.263615651
sub-028,3,9,7,1.736714814,2.161648341
sub-028,4,7,3,0.883903447,-0.369061912
sub-028,5,8,5,1.310309131,0.896293214
sub-028,6,7,4,0.883903447,0.263615651
sub-028,7,7,3,0.883903447,-0.369061912
sub-028,8,7,4,0.883903447,0.263615651
sub-028,9,7,3,0.883903447,-0.369061912
sub-028,10,8,4,1.310309131,0.263615651
sub-028,11,7,2,0.883903447,-1.001739475
sub-028,12,7,2,0.883903447,-1.001739475
sub-028,13,9,6,1.736714814,1.528970778
sub-028,14,8,4,1.310309131,0.263615651
sub-028,15,8,6,1.310309131,1.528970778
sub-028,16,8,4,1.310309131,0.263615651
sub-028,17,6,3,0.457497764,-0.369061912
sub-028,18,7,3,0.883903447,-0.369061912
sub-028,19,6,3,0.457497764,-0.369061912
sub-028,20,5,1,0.031092081,-1.634417038
sub-028,21,8,6,1.310309131,1.528970778
sub-028,22,6,3,0.457497764,-0.369061912
sub-028,23,7,3,0.883903447,-0.369061912
sub-028,24,7,7,0.883903447,2.161648341
sub-028,25,4,3,-0.395313602,-0.369061912
sub-028,26,3,3,-0.821719285,-0.369061912
sub-028,27,1,5,-1.674530652,0.896293214
sub-028,28,1,6,-1.674530652,1.528970778
sub-028,29,1,7,-1.674530652,2.161648341
sub-028,30,2,3,-1.248124968,-0.369061912
sub-028,31,1,3,-1.674530652,-0.369061912
sub-028,32,3,4,-0.821719285,0.263615651
sub-028,33,1,7,-1.674530652,2.161648341
sub-028,34,3,3,-0.821719285,-0.369061912
sub-028,35,2,3,-1.248124968,-0.369061912
sub-028,36,3,3,-0.821719285,-0.369061912
sub-028,37,2,8,-1.248124968,2.794325904
sub-028,38,2,7,-1.248124968,2.161648341
sub-028,39,2,4,-1.248124968,0.263615651
sub-028,40,4,3,-0.395313602,-0.369061912
sub-028,41,4,3,-0.395313602,-0.369061912
sub-028,42,3,3,-0.821719285,-0.369061912
sub-028,43,2,4,-1.248124968,0.263615651
sub-028,44,2,4,-1.248124968,0.263615651
sub-028,45,3,4,-0.821719285,0.263615651
sub-028,46,2,4,-1.248124968,0.263615651
sub-028,47,2,3,-1.248124968,-0.369061912
sub-028,48,3,3,-0.821719285,-0.369061912
sub-028,49,7,3,0.883903447,-0.369061912
sub-028,50,7,2,0.883903447,-1.001739475
sub-028,51,8,3,1.310309131,-0.369061912
sub-028,52,6,4,0.457497764,0.263615651
sub-028,53,7,4,0.883903447,0.263615651
sub-028,54,7,2,0.883903447,-1.001739475
sub-028,55,7,7,0.883903447,2.161648341
sub-028,56,6,4,0.457497764,0.263615651
sub-028,57,7,5,0.883903447,0.896293214
sub-028,58,7,2,0.883903447,-1.001739475
sub-028,59,9,8,1.736714814,2.794325904
sub-028,60,8,5,1.310309131,0.896293214
sub-028,61,8,4,1.310309131,0.263615651
sub-028,62,7,2,0.883903447,-1.001739475
sub-028,63,6,2,0.457497764,-1.001739475
sub-028,64,7,5,0.883903447,0.896293214
sub-028,65,8,3,1.310309131,-0.369061912
sub-028,66,7,2,0.883903447,-1.001739475
sub-028,67,7,3,0.883903447,-0.369061912
sub-028,68,6,1,0.457497764,-1.634417038
sub-028,69,6,1,0.457497764,-1.634417038
sub-028,70,7,2,0.883903447,-1.001739475
sub-028,71,6,1,0.457497764,-1.634417038
sub-028,72,6,2,0.457497764,-1.001739475
sub-028,73,4,4,-0.395313602,0.263615651
sub-028,74,4,3,-0.395313602,-0.369061912
sub-028,75,4,2,-0.395313602,-1.001739475
sub-028,76,4,2,-0.395313602,-1.001739475
sub-028,77,4,2,-0.395313602,-1.001739475
sub-028,78,3,2,-0.821719285,-1.001739475
sub-028,79,4,2,-0.395313602,-1.001739475
sub-028,80,3,3,-0.821719285,-0.369061912
sub-028,81,4,4,-0.395313602,0.263615651
sub-028,82,3,4,-0.821719285,0.263615651
sub-028,83,2,3,-1.248124968,-0.369061912
sub-028,84,4,2,-0.395313602,-1.001739475
sub-028,85,3,4,-0.821719285,0.263615651
sub-028,86,3,4,-0.821719285,0.263615651
sub-028,87,3,2,-0.821719285,-1.001739475
sub-028,88,2,6,-1.248124968,1.528970778
sub-028,89,1,3,-1.674530652,-0.369061912
sub-028,90,3,3,-0.821719285,-0.369061912
sub-028,91,4,2,-0.395313602,-1.001739475
sub-028,92,4,3,-0.395313602,-0.369061912
sub-028,93,3,4,-0.821719285,0.263615651
sub-028,94,2,3,-1.248124968,-0.369061912
sub-028,95,4,2,-0.395313602,-1.001739475
sub-028,96,3,4,-0.821719285,0.263615651
sub-029,1,7,7,1.091697247,0.718146011
sub-029,2,6,6,0.599664685,0.25544791
sub-029,3,7,7,1.091697247,0.718146011
sub-029,4,6,6,0.599664685,0.25544791
sub-029,5,7,7,1.091697247,0.718146011
sub-029,6,7,6,1.091697247,0.25544791
sub-029,7,7,7,1.091697247,0.718146011
sub-029,8,7,7,1.091697247,0.718146011
sub-029,9,7,6,1.091697247,0.25544791
sub-029,10,7,6,1.091697247,0.25544791
sub-029,11,7,6,1.091697247,0.25544791
sub-029,12,7,6,1.091697247,0.25544791
sub-029,13,9,7,2.075762371,0.718146011
sub-029,14,7,7,1.091697247,0.718146011
sub-029,15,8,8,1.583729809,1.180844112
sub-029,16,8,7,1.583729809,0.718146011
sub-029,17,6,4,0.599664685,-0.669948292
sub-029,18,7,6,1.091697247,0.25544791
sub-029,19,6,5,0.599664685,-0.207250191
sub-029,20,6,6,0.599664685,0.25544791
sub-029,21,7,6,1.091697247,0.25544791
sub-029,22,7,6,1.091697247,0.25544791
sub-029,23,8,7,1.583729809,0.718146011
sub-029,24,6,7,0.599664685,0.718146011
sub-029,25,3,7,-0.876433001,0.718146011
sub-029,26,4,6,-0.384400439,0.25544791
sub-029,27,3,8,-0.876433001,1.180844112
sub-029,28,2,8,-1.368465563,1.180844112
sub-029,29,3,8,-0.876433001,1.180844112
sub-029,30,2,6,-1.368465563,0.25544791
sub-029,31,2,7,-1.368465563,0.718146011
sub-029,32,2,7,-1.368465563,0.718146011
sub-029,33,2,7,-1.368465563,0.718146011
sub-029,34,3,7,-0.876433001,0.718146011
sub-029,35,3,7,-0.876433001,0.718146011
sub-029,36,3,6,-0.876433001,0.25544791
sub-029,37,3,7,-0.876433001,0.718146011
sub-029,38,2,7,-1.368465563,0.718146011
sub-029,39,2,8,-1.368465563,1.180844112
sub-029,40,2,7,-1.368465563,0.718146011
sub-029,41,3,6,-0.876433001,0.25544791
sub-029,42,3,6,-0.876433001,0.25544791
sub-029,43,4,6,-0.384400439,0.25544791
sub-029,44,4,6,-0.384400439,0.25544791
sub-029,45,3,7,-0.876433001,0.718146011
sub-029,46,3,8,-0.876433001,1.180844112
sub-029,47,2,7,-1.368465563,0.718146011
sub-029,48,2,7,-1.368465563,0.718146011
sub-029,49,7,3,1.091697247,-1.132646393
sub-029,50,6,1,0.599664685,-2.058042595
sub-029,51,6,6,0.599664685,0.25544791
sub-029,52,6,3,0.599664685,-1.132646393
sub-029,53,7,3,1.091697247,-1.132646393
sub-029,54,7,5,1.091697247,-0.207250191
sub-029,55,7,7,1.091697247,0.718146011
sub-029,56,6,1,0.599664685,-2.058042595
sub-029,57,7,1,1.091697247,-2.058042595
sub-029,58,6,2,0.599664685,-1.595344494
sub-029,59,7,2,1.091697247,-1.595344494
sub-029,60,7,2,1.091697247,-1.595344494
sub-029,61,7,6,1.091697247,0.25544791
sub-029,62,7,1,1.091697247,-2.058042595
sub-029,63,6,2,0.599664685,-1.595344494
sub-029,64,6,2,0.599664685,-1.595344494
sub-029,65,6,5,0.599664685,-0.207250191
sub-029,66,6,1,0.599664685,-2.058042595
sub-029,67,6,2,0.599664685,-1.595344494
sub-029,68,6,1,0.599664685,-2.058042595
sub-029,69,6,6,0.599664685,0.25544791
sub-029,70,7,2,1.091697247,-1.595344494
sub-029,71,6,1,0.599664685,-2.058042595
sub-029,72,6,2,0.599664685,-1.595344494
sub-029,73,3,4,-0.876433001,-0.669948292
sub-029,74,3,4,-0.876433001,-0.669948292
sub-029,75,4,2,-0.384400439,-1.595344494
sub-029,76,4,5,-0.384400439,-0.207250191
sub-029,77,3,2,-0.876433001,-1.595344494
sub-029,78,4,5,-0.384400439,-0.207250191
sub-029,79,4,2,-0.384400439,-1.595344494
sub-029,80,3,4,-0.876433001,-0.669948292
sub-029,81,3,7,-0.876433001,0.718146011
sub-029,82,3,7,-0.876433001,0.718146011
sub-029,83,3,6,-0.876433001,0.25544791
sub-029,84,3,7,-0.876433001,0.718146011
sub-029,85,3,6,-0.876433001,0.25544791
sub-029,86,3,7,-0.876433001,0.718146011
sub-029,87,2,7,-1.368465563,0.718146011
sub-029,88,2,9,-1.368465563,1.643542213
sub-029,89,2,7,-1.368465563,0.718146011
sub-029,90,3,6,-0.876433001,0.25544791
sub-029,91,3,5,-0.876433001,-0.207250191
sub-029,92,4,6,-0.384400439,0.25544791
sub-029,93,3,6,-0.876433001,0.25544791
sub-029,94,2,9,-1.368465563,1.643542213
sub-029,95,3,7,-0.876433001,0.718146011
sub-029,96,3,7,-0.876433001,0.718146011
sub-030,1,8,8,0.980679298,1.003067992
sub-030,2,8,9,0.980679298,1.448875989
sub-030,3,8,8,0.980679298,1.003067992
sub-030,4,8,7,0.980679298,0.557259996
sub-030,5,9,8,1.331967405,1.003067992
sub-030,6,10,10,1.683255512,1.894683986
sub-030,7,8,9,0.980679298,1.448875989
sub-030,8,8,9,0.980679298,1.448875989
sub-030,9,9,9,1.331967405,1.448875989
sub-030,10,10,8,1.683255512,1.003067992
sub-030,11,9,9,1.331967405,1.448875989
sub-030,12,7,6,0.629391192,0.111451999
sub-030,13,10,10,1.683255512,1.894683986
sub-030,14,7,8,0.629391192,1.003067992
sub-030,15,8,9,0.980679298,1.448875989
sub-030,16,8,9,0.980679298,1.448875989
sub-030,17,5,5,-0.073185022,-0.334355997
sub-030,18,7,7,0.629391192,0.557259996
sub-030,19,7,8,0.629391192,1.003067992
sub-030,20,6,5,0.278103085,-0.334355997
sub-030,21,9,9,1.331967405,1.448875989
sub-030,22,8,8,0.980679298,1.003067992
sub-030,23,9,8,1.331967405,1.003067992
sub-030,24,7,8,0.629391192,1.003067992
sub-030,25,3,6,-0.775761236,0.111451999
sub-030,26,3,5,-0.775761236,-0.334355997
sub-030,27,4,4,-0.424473129,-0.780163994
sub-030,28,1,7,-1.47833745,0.557259996
sub-030,29,2,5,-1.127049343,-0.334355997
sub-030,30,1,4,-1.47833745,-0.780163994
sub-030,31,2,9,-1.127049343,1.448875989
sub-030,32,3,8,-0.775761236,1.003067992
sub-030,33,2,6,-1.127049343,0.111451999
sub-030,34,3,5,-0.775761236,-0.334355997
sub-030,35,3,5,-0.775761236,-0.334355997
sub-030,36,3,4,-0.775761236,-0.780163994
sub-030,37,2,6,-1.127049343,0.111451999
sub-030,38,2,6,-1.127049343,0.111451999
sub-030,39,3,6,-0.775761236,0.111451999
sub-030,40,2,8,-1.127049343,1.003067992
sub-030,41,2,6,-1.127049343,0.111451999
sub-030,42,2,5,-1.127049343,-0.334355997
sub-030,43,3,4,-0.775761236,-0.780163994
sub-030,44,3,4,-0.775761236,-0.780163994
sub-030,45,1,7,-1.47833745,0.557259996
sub-030,46,2,4,-1.127049343,-0.780163994
sub-030,47,2,4,-1.127049343,-0.780163994
sub-030,48,3,6,-0.775761236,0.111451999
sub-030,49,8,6,0.980679298,0.111451999
sub-030,50,8,1,0.980679298,-2.117587984
sub-030,51,8,8,0.980679298,1.003067992
sub-030,52,6,4,0.278103085,-0.780163994
sub-030,53,7,2,0.629391192,-1.671779987
sub-030,54,8,2,0.980679298,-1.671779987
sub-030,55,8,9,0.980679298,1.448875989
sub-030,56,7,4,0.629391192,-0.780163994
sub-030,57,8,4,0.980679298,-0.780163994
sub-030,58,8,3,0.980679298,-1.225971991
sub-030,59,8,7,0.980679298,0.557259996
sub-030,60,7,5,0.629391192,-0.334355997
sub-030,61,7,1,0.629391192,-2.117587984
sub-030,62,9,2,1.331967405,-1.671779987
sub-030,63,6,2,0.278103085,-1.671779987
sub-030,64,7,5,0.629391192,-0.334355997
sub-030,65,9,5,1.331967405,-0.334355997
sub-030,66,9,3,1.331967405,-1.225971991
sub-030,67,8,2,0.980679298,-1.671779987
sub-030,68,7,4,0.629391192,-0.780163994
sub-030,69,7,4,0.629391192,-0.780163994
sub-030,70,9,4,1.331967405,-0.780163994
sub-030,71,8,6,0.980679298,0.111451999
sub-030,72,7,3,0.629391192,-1.225971991
sub-030,73,3,4,-0.775761236,-0.780163994
sub-030,74,3,4,-0.775761236,-0.780163994
sub-030,75,4,3,-0.424473129,-1.225971991
sub-030,76,5,3,-0.073185022,-1.225971991
sub-030,77,4,2,-0.424473129,-1.671779987
sub-030,78,5,4,-0.073185022,-0.780163994
sub-030,79,4,4,-0.424473129,-0.780163994
sub-030,80,2,7,-1.127049343,0.557259996
sub-030,81,2,7,-1.127049343,0.557259996
sub-030,82,3,4,-0.775761236,-0.780163994
sub-030,83,2,9,-1.127049343,1.448875989
sub-030,84,3,4,-0.775761236,-0.780163994
sub-030,85,2,7,-1.127049343,0.557259996
sub-030,86,2,6,-1.127049343,0.111451999
sub-030,87,2,7,-1.127049343,0.557259996
sub-030,88,2,7,-1.127049343,0.557259996
sub-030,89,1,7,-1.47833745,0.557259996
sub-030,90,2,4,-1.127049343,-0.780163994
sub-030,91,4,3,-0.424473129,-1.225971991
sub-030,92,3,7,-0.775761236,0.557259996
sub-030,93,2,6,-1.127049343,0.111451999
sub-030,94,2,7,-1.127049343,0.557259996
sub-030,95,3,5,-0.775761236,-0.334355997
sub-030,96,1,7,-1.47833745,0.557259996
sub-031,1,7,5,0.877311761,1.142015199
sub-031,2,7,1,0.877311761,-1.084044885
sub-031,3,7,2,0.877311761,-0.527529864
sub-031,4,8,2,1.278368566,-0.527529864
sub-031,5,7,5,0.877311761,1.142015199
sub-031,6,8,4,1.278368566,0.585500178
sub-031,7,7,4,0.877311761,0.585500178
sub-031,8,8,7,1.278368566,2.255045242
sub-031,9,7,4,0.877311761,0.585500178
sub-031,10,8,3,1.278368566,0.028985157
sub-031,11,7,4,0.877311761,0.585500178
sub-031,12,7,2,0.877311761,-0.527529864
sub-031,13,8,5,1.278368566,1.142015199
sub-031,14,9,5,1.679425371,1.142015199
sub-031,15,7,5,0.877311761,1.142015199
sub-031,16,8,8,1.278368566,2.811560263
sub-031,17,6,1,0.476254956,-1.084044885
sub-031,18,6,1,0.476254956,-1.084044885
sub-031,19,7,5,0.877311761,1.142015199
sub-031,20,6,2,0.476254956,-0.527529864
sub-031,21,7,4,0.877311761,0.585500178
sub-031,22,5,1,0.075198151,-1.084044885
sub-031,23,7,7,0.877311761,2.255045242
sub-031,24,7,8,0.877311761,2.811560263
sub-031,25,2,4,-1.127972264,0.585500178
sub-031,26,3,4,-0.726915459,0.585500178
sub-031,27,2,5,-1.127972264,1.142015199
sub-031,28,2,4,-1.127972264,0.585500178
sub-031,29,2,5,-1.127972264,1.142015199
sub-031,30,2,1,-1.127972264,-1.084044885
sub-031,31,2,6,-1.127972264,1.69853022
sub-031,32,1,5,-1.529029069,1.142015199
sub-031,33,2,3,-1.127972264,0.028985157
sub-031,34,2,4,-1.127972264,0.585500178
sub-031,35,2,5,-1.127972264,1.142015199
sub-031,36,1,4,-1.529029069,0.585500178
sub-031,37,2,3,-1.127972264,0.028985157
sub-031,38,2,2,-1.127972264,-0.527529864
sub-031,39,1,5,-1.529029069,1.142015199
sub-031,40,2,3,-1.127972264,0.028985157
sub-031,41,2,3,-1.127972264,0.028985157
sub-031,42,2,3,-1.127972264,0.028985157
sub-031,43,2,2,-1.127972264,-0.527529864
sub-031,44,2,1,-1.127972264,-1.084044885
sub-031,45,2,2,-1.127972264,-0.527529864
sub-031,46,2,3,-1.127972264,0.028985157
sub-031,47,2,3,-1.127972264,0.028985157
sub-031,48,3,2,-0.726915459,-0.527529864
sub-031,49,8,2,1.278368566,-0.527529864
sub-031,50,8,1,1.278368566,-1.084044885
sub-031,51,7,3,0.877311761,0.028985157
sub-031,52,7,2,0.877311761,-0.527529864
sub-031,53,8,1,1.278368566,-1.084044885
sub-031,54,9,1,1.679425371,-1.084044885
sub-031,55,8,7,1.278368566,2.255045242
sub-031,56,7,3,0.877311761,0.028985157
sub-031,57,9,3,1.679425371,0.028985157
sub-031,58,9,1,1.679425371,-1.084044885
sub-031,59,7,1,0.877311761,-1.084044885
sub-031,60,7,2,0.877311761,-0.527529864
sub-031,61,6,1,0.476254956,-1.084044885
sub-031,62,9,1,1.679425371,-1.084044885
sub-031,63,7,3,0.877311761,0.028985157
sub-031,64,7,2,0.877311761,-0.527529864
sub-031,65,6,2,0.476254956,-0.527529864
sub-031,66,6,1,0.476254956,-1.084044885
sub-031,67,5,2,0.075198151,-0.527529864
sub-031,68,5,1,0.075198151,-1.084044885
sub-031,69,5,1,0.075198151,-1.084044885
sub-031,70,6,1,0.476254956,-1.084044885
sub-031,71,5,2,0.075198151,-0.527529864
sub-031,72,5,1,0.075198151,-1.084044885
sub-031,73,5,1,0.075198151,-1.084044885
sub-031,74,4,1,-0.325858654,-1.084044885
sub-031,75,5,1,0.075198151,-1.084044885
sub-031,76,5,1,0.075198151,-1.084044885
sub-031,77,5,1,0.075198151,-1.084044885
sub-031,78,2,3,-1.127972264,0.028985157
sub-031,79,5,3,0.075198151,0.028985157
sub-031,80,5,2,0.075198151,-0.527529864
sub-031,81,2,3,-1.127972264,0.028985157
sub-031,82,2,2,-1.127972264,-0.527529864
sub-031,83,2,1,-1.127972264,-1.084044885
sub-031,84,2,4,-1.127972264,0.585500178
sub-031,85,3,2,-0.726915459,-0.527529864
sub-031,86,2,2,-1.127972264,-0.527529864
sub-031,87,2,4,-1.127972264,0.585500178
sub-031,88,2,7,-1.127972264,2.255045242
sub-031,89,4,5,-0.325858654,1.142015199
sub-031,90,4,2,-0.325858654,-0.527529864
sub-031,91,3,4,-0.726915459,0.585500178
sub-031,92,4,1,-0.325858654,-1.084044885
sub-031,93,3,2,-0.726915459,-0.527529864
sub-031,94,2,3,-1.127972264,0.028985157
sub-031,95,2,2,-1.127972264,-0.527529864
sub-031,96,3,4,-0.726915459,0.585500178
sub-032,1,6,5,0.614214702,-0.382006989
sub-032,2,5,5,0.083001987,-0.382006989
sub-032,3,6,7,0.614214702,0.764013978
sub-032,4,5,5,0.083001987,-0.382006989
sub-032,5,5,5,0.083001987,-0.382006989
sub-032,6,5,5,0.083001987,-0.382006989
sub-032,7,4,4,-0.448210729,-0.955017472
sub-032,8,3,4,-0.979423444,-0.955017472
sub-032,9,6,6,0.614214702,0.191003494
sub-032,10,6,6,0.614214702,0.191003494
sub-032,11,6,4,0.614214702,-0.955017472
sub-032,12,6,7,0.614214702,0.764013978
sub-032,13,7,8,1.145427417,1.337024461
sub-032,14,6,7,0.614214702,0.764013978
sub-032,15,7,8,1.145427417,1.337024461
sub-032,16,7,6,1.145427417,0.191003494
sub-032,17,5,5,0.083001987,-0.382006989
sub-032,18,4,4,-0.448210729,-0.955017472
sub-032,19,4,4,-0.448210729,-0.955017472
sub-032,20,5,4,0.083001987,-0.955017472
sub-032,21,5,5,0.083001987,-0.382006989
sub-032,22,5,5,0.083001987,-0.382006989
sub-032,23,7,6,1.145427417,0.191003494
sub-032,24,4,3,-0.448210729,-1.528027955
sub-032,25,4,5,-0.448210729,-0.382006989
sub-032,26,4,5,-0.448210729,-0.382006989
sub-032,27,4,6,-0.448210729,0.191003494
sub-032,28,3,8,-0.979423444,1.337024461
sub-032,29,1,7,-2.041848874,0.764013978
sub-032,30,4,7,-0.448210729,0.764013978
sub-032,31,2,8,-1.510636159,1.337024461
sub-032,32,4,4,-0.448210729,-0.955017472
sub-032,33,4,3,-0.448210729,-1.528027955
sub-032,34,4,7,-0.448210729,0.764013978
sub-032,35,5,5,0.083001987,-0.382006989
sub-032,36,4,3,-0.448210729,-1.528027955
sub-032,37,2,8,-1.510636159,1.337024461
sub-032,38,1,9,-2.041848874,1.910034944
sub-032,39,4,5,-0.448210729,-0.382006989
sub-032,40,3,6,-0.979423444,0.191003494
sub-032,41,2,3,-1.510636159,-1.528027955
sub-032,42,4,6,-0.448210729,0.191003494
sub-032,43,3,4,-0.979423444,-0.955017472
sub-032,44,2,6,-1.510636159,0.191003494
sub-032,45,3,4,-0.979423444,-0.955017472
sub-032,46,1,8,-2.041848874,1.337024461
sub-032,47,4,7,-0.448210729,0.764013978
sub-032,48,2,6,-1.510636159,0.191003494
sub-032,49,4,6,-0.448210729,0.191003494
sub-032,50,6,5,0.614214702,-0.382006989
sub-032,51,8,9,1.676640133,1.910034944
sub-032,52,6,4,0.614214702,-0.955017472
sub-032,53,8,7,1.676640133,0.764013978
sub-032,54,8,8,1.676640133,1.337024461
sub-032,55,6,7,0.614214702,0.764013978
sub-032,56,6,6,0.614214702,0.191003494
sub-032,57,8,9,1.676640133,1.910034944
sub-032,58,7,6,1.145427417,0.191003494
sub-032,59,7,8,1.145427417,1.337024461
sub-032,60,6,6,0.614214702,0.191003494
sub-032,61,7,6,1.145427417,0.191003494
sub-032,62,8,8,1.676640133,1.337024461
sub-032,63,6,6,0.614214702,0.191003494
sub-032,64,6,6,0.614214702,0.191003494
sub-032,65,9,10,2.207852848,2.483045427
sub-032,66,7,5,1.145427417,-0.382006989
sub-032,67,10,8,2.739065563,1.337024461
sub-032,68,7,8,1.145427417,1.337024461
sub-032,69,5,6,0.083001987,0.191003494
sub-032,70,6,6,0.614214702,0.191003494
sub-032,71,6,7,0.614214702,0.764013978
sub-032,72,9,7,2.207852848,0.764013978
sub-032,73,6,4,0.614214702,-0.955017472
sub-032,74,5,7,0.083001987,0.764013978
sub-032,75,6,4,0.614214702,-0.955017472
sub-032,76,6,6,0.614214702,0.191003494
sub-032,77,5,8,0.083001987,1.337024461
sub-032,78,6,5,0.614214702,-0.382006989
sub-032,79,4,5,-0.448210729,-0.382006989
sub-032,80,4,5,-0.448210729,-0.382006989
sub-032,81,4,3,-0.448210729,-1.528027955
sub-032,82,3,4,-0.979423444,-0.955017472
sub-032,83,4,3,-0.448210729,-1.528027955
sub-032,84,2,7,-1.510636159,0.764013978
sub-032,85,4,6,-0.448210729,0.191003494
sub-032,86,4,3,-0.448210729,-1.528027955
sub-032,87,4,3,-0.448210729,-1.528027955
sub-032,88,3,7,-0.979423444,0.764013978
sub-032,89,2,2,-1.510636159,-2.101038438
sub-032,90,4,6,-0.448210729,0.191003494
sub-032,91,4,3,-0.448210729,-1.528027955
sub-032,92,4,4,-0.448210729,-0.955017472
sub-032,93,3,4,-0.979423444,-0.955017472
sub-032,94,3,4,-0.979423444,-0.955017472
sub-032,95,3,2,-0.979423444,-2.101038438
sub-032,96,3,7,-0.979423444,0.764013978
sub-034,1,7,2,0.606138961,-0.644780668
sub-034,2,6,2,0.265850421,-0.644780668
sub-034,3,8,3,0.9464275,-0.208872611
sub-034,4,6,2,0.265850421,-0.644780668
sub-034,5,9,3,1.286716039,-0.208872611
sub-034,6,9,3,1.286716039,-0.208872611
sub-034,7,8,2,0.9464275,-0.644780668
sub-034,8,8,8,0.9464275,1.970667677
sub-034,9,9,3,1.286716039,-0.208872611
sub-034,10,9,2,1.286716039,-0.644780668
sub-034,11,8,2,0.9464275,-0.644780668
sub-034,12,7,3,0.606138961,-0.208872611
sub-034,13,10,3,1.627004578,-0.208872611
sub-034,14,10,3,1.627004578,-0.208872611
sub-034,15,9,8,1.286716039,1.970667677
sub-034,16,9,2,1.286716039,-0.644780668
sub-034,17,6,1,0.265850421,-1.080688726
sub-034,18,7,3,0.606138961,-0.208872611
sub-034,19,8,3,0.9464275,-0.208872611
sub-034,20,6,2,0.265850421,-0.644780668
sub-034,21,8,2,0.9464275,-0.644780668
sub-034,22,7,2,0.606138961,-0.644780668
sub-034,23,8,6,0.9464275,1.098851562
sub-034,24,6,4,0.265850421,0.227035447
sub-034,25,1,4,-1.435592275,0.227035447
sub-034,26,3,8,-0.755015196,1.970667677
sub-034,27,2,2,-1.095303736,-0.644780668
sub-034,28,1,9,-1.435592275,2.406575734
sub-034,29,1,6,-1.435592275,1.098851562
sub-034,30,2,1,-1.095303736,-1.080688726
sub-034,31,2,7,-1.095303736,1.534759619
sub-034,32,1,8,-1.435592275,1.970667677
sub-034,33,1,5,-1.435592275,0.662943504
sub-034,34,2,6,-1.095303736,1.098851562
sub-034,35,2,7,-1.095303736,1.534759619
sub-034,36,1,3,-1.435592275,-0.208872611
sub-034,37,3,6,-0.755015196,1.098851562
sub-034,38,1,6,-1.435592275,1.098851562
sub-034,39,2,7,-1.095303736,1.534759619
sub-034,40,2,2,-1.095303736,-0.644780668
sub-034,41,2,4,-1.095303736,0.227035447
sub-034,42,3,6,-0.755015196,1.098851562
sub-034,43,2,5,-1.095303736,0.662943504
sub-034,44,3,7,-0.755015196,1.534759619
sub-034,45,3,2,-0.755015196,-0.644780668
sub-034,46,2,3,-1.095303736,-0.208872611
sub-034,47,3,7,-0.755015196,1.534759619
sub-034,48,1,7,-1.435592275,1.534759619
sub-034,49,7,6,0.606138961,1.098851562
sub-034,50,8,2,0.9464275,-0.644780668
sub-034,51,9,4,1.286716039,0.227035447
sub-034,52,6,3,0.265850421,-0.208872611
sub-034,53,9,1,1.286716039,-1.080688726
sub-034,54,10,1,1.627004578,-1.080688726
sub-034,55,8,10,0.9464275,2.842483792
sub-034,56,8,4,0.9464275,0.227035447
sub-034,57,7,4,0.606138961,0.227035447
sub-034,58,9,1,1.286716039,-1.080688726
sub-034,59,9,6,1.286716039,1.098851562
sub-034,60,9,1,1.286716039,-1.080688726
sub-034,61,7,1,0.606138961,-1.080688726
sub-034,62,7,1,0.606138961,-1.080688726
sub-034,63,8,2,0.9464275,-0.644780668
sub-034,64,8,1,0.9464275,-1.080688726
sub-034,65,9,6,1.286716039,1.098851562
sub-034,66,7,3,0.606138961,-0.208872611
sub-034,67,7,1,0.606138961,-1.080688726
sub-034,68,7,1,0.606138961,-1.080688726
sub-034,69,6,1,0.265850421,-1.080688726
sub-034,70,8,1,0.9464275,-1.080688726
sub-034,71,6,1,0.265850421,-1.080688726
sub-034,72,6,1,0.265850421,-1.080688726
sub-034,73,5,3,-0.074438118,-0.208872611
sub-034,74,6,2,0.265850421,-0.644780668
sub-034,75,6,3,0.265850421,-0.208872611
sub-034,76,4,3,-0.414726657,-0.208872611
sub-034,77,7,1,0.606138961,-1.080688726
sub-034,78,6,2,0.265850421,-0.644780668
sub-034,79,7,2,0.606138961,-0.644780668
sub-034,80,4,2,-0.414726657,-0.644780668
sub-034,81,2,4,-1.095303736,0.227035447
sub-034,82,3,4,-0.755015196,0.227035447
sub-034,83,3,2,-0.755015196,-0.644780668
sub-034,84,2,4,-1.095303736,0.227035447
sub-034,85,2,2,-1.095303736,-0.644780668
sub-034,86,2,2,-1.095303736,-0.644780668
sub-034,87,4,4,-0.414726657,0.227035447
sub-034,88,1,9,-1.435592275,2.406575734
sub-034,89,3,2,-0.755015196,-0.644780668
sub-034,90,1,1,-1.435592275,-1.080688726
sub-034,91,2,3,-1.095303736,-0.208872611
sub-034,92,5,2,-0.074438118,-0.644780668
sub-034,93,2,1,-1.095303736,-1.080688726
sub-034,94,1,6,-1.435592275,1.098851562
sub-034,95,2,2,-1.095303736,-0.644780668
sub-034,96,2,3,-1.095303736,-0.208872611
sub-035,1,6,3,0.431420745,-0.467268994
sub-035,2,7,3,0.84558466,-0.467268994
sub-035,3,7,6,0.84558466,1.154098118
sub-035,4,7,3,0.84558466,-0.467268994
sub-035,5,8,3,1.259748575,-0.467268994
sub-035,6,6,6,0.431420745,1.154098118
sub-035,7,7,2,0.84558466,-1.007724698
sub-035,8,8,7,1.259748575,1.694553821
sub-035,9,9,6,1.673912489,1.154098118
sub-035,10,7,6,0.84558466,1.154098118
sub-035,11,9,3,1.673912489,-0.467268994
sub-035,12,6,5,0.431420745,0.613642414
sub-035,13,9,5,1.673912489,0.613642414
sub-035,14,8,4,1.259748575,0.07318671
sub-035,15,7,7,0.84558466,1.694553821
sub-035,16,8,6,1.259748575,1.154098118
sub-035,17,6,5,0.431420745,0.613642414
sub-035,18,6,2,0.431420745,-1.007724698
sub-035,19,7,6,0.84558466,1.154098118
sub-035,20,7,3,0.84558466,-0.467268994
sub-035,21,7,6,0.84558466,1.154098118
sub-035,22,7,3,0.84558466,-0.467268994
sub-035,23,8,7,1.259748575,1.694553821
sub-035,24,8,5,1.259748575,0.613642414
sub-035,25,1,4,-1.63939883,0.07318671
sub-035,26,3,6,-0.811071,1.154098118
sub-035,27,2,4,-1.225234915,0.07318671
sub-035,28,2,7,-1.225234915,1.694553821
sub-035,29,2,7,-1.225234915,1.694553821
sub-035,30,3,1,-0.811071,-1.548180402
sub-035,31,3,2,-0.811071,-1.007724698
sub-035,32,2,4,-1.225234915,0.07318671
sub-035,33,2,7,-1.225234915,1.694553821
sub-035,34,3,5,-0.811071,0.613642414
sub-035,35,3,6,-0.811071,1.154098118
sub-035,36,3,2,-0.811071,-1.007724698
sub-035,37,4,4,-0.396907085,0.07318671
sub-035,38,2,6,-1.225234915,1.154098118
sub-035,39,2,2,-1.225234915,-1.007724698
sub-035,40,3,3,-0.811071,-0.467268994
sub-035,41,3,4,-0.811071,0.07318671
sub-035,42,3,7,-0.811071,1.694553821
sub-035,43,4,2,-0.396907085,-1.007724698
sub-035,44,3,2,-0.811071,-1.007724698
sub-035,45,3,2,-0.811071,-1.007724698
sub-035,46,3,2,-0.811071,-1.007724698
sub-035,47,3,4,-0.811071,0.07318671
sub-035,48,3,3,-0.811071,-0.467268994
sub-035,49,8,2,1.259748575,-1.007724698
sub-035,50,6,5,0.431420745,0.613642414
sub-035,51,7,7,0.84558466,1.694553821
sub-035,52,6,3,0.431420745,-0.467268994
sub-035,53,6,2,0.431420745,-1.007724698
sub-035,54,7,2,0.84558466,-1.007724698
sub-035,55,10,10,2.088076404,3.315920933
sub-035,56,6,4,0.431420745,0.07318671
sub-035,57,10,7,2.088076404,1.694553821
sub-035,58,6,5,0.431420745,0.613642414
sub-035,59,8,6,1.259748575,1.154098118
sub-035,60,7,5,0.84558466,0.613642414
sub-035,61,6,3,0.431420745,-0.467268994
sub-035,62,7,2,0.84558466,-1.007724698
sub-035,63,7,3,0.84558466,-0.467268994
sub-035,64,6,4,0.431420745,0.07318671
sub-035,65,8,2,1.259748575,-1.007724698
sub-035,66,7,4,0.84558466,0.07318671
sub-035,67,7,3,0.84558466,-0.467268994
sub-035,68,7,3,0.84558466,-0.467268994
sub-035,69,6,1,0.431420745,-1.548180402
sub-035,70,6,1,0.431420745,-1.548180402
sub-035,71,6,2,0.431420745,-1.007724698
sub-035,72,8,3,1.259748575,-0.467268994
sub-035,73,4,4,-0.396907085,0.07318671
sub-035,74,2,4,-1.225234915,0.07318671
sub-035,75,3,3,-0.811071,-0.467268994
sub-035,76,4,3,-0.396907085,-0.467268994
sub-035,77,5,3,0.01725683,-0.467268994
sub-035,78,4,1,-0.396907085,-1.548180402
sub-035,79,3,3,-0.811071,-0.467268994
sub-035,80,3,4,-0.811071,0.07318671
sub-035,81,1,3,-1.63939883,-0.467268994
sub-035,82,1,3,-1.63939883,-0.467268994
sub-035,83,2,3,-1.225234915,-0.467268994
sub-035,84,2,3,-1.225234915,-0.467268994
sub-035,85,4,1,-0.396907085,-1.548180402
sub-035,86,2,2,-1.225234915,-1.007724698
sub-035,87,2,2,-1.225234915,-1.007724698
sub-035,88,1,1,-1.63939883,-1.548180402
sub-035,89,2,5,-1.225234915,0.613642414
sub-035,90,4,4,-0.396907085,0.07318671
sub-035,91,4,2,-0.396907085,-1.007724698
sub-035,92,4,3,-0.396907085,-0.467268994
sub-035,93,3,2,-0.811071,-1.007724698
sub-035,94,2,5,-1.225234915,0.613642414
sub-035,95,3,5,-0.811071,0.613642414
sub-035,96,3,5,-0.811071,0.613642414
sub-036,1,8,7,0.806388012,0.666658435
sub-036,2,10,9,1.395081922,1.451924812
sub-036,3,9,8,1.100734967,1.059291624
sub-036,4,9,7,1.100734967,0.666658435
sub-036,5,10,9,1.395081922,1.451924812
sub-036,6,10,2,1.395081922,-1.296507508
sub-036,7,9,9,1.100734967,1.451924812
sub-036,8,9,9,1.100734967,1.451924812
sub-036,9,9,9,1.100734967,1.451924812
sub-036,10,9,9,1.100734967,1.451924812
sub-036,11,10,8,1.395081922,1.059291624
sub-036,12,9,2,1.100734967,-1.296507508
sub-036,13,10,5,1.395081922,-0.118607942
sub-036,14,10,9,1.395081922,1.451924812
sub-036,15,10,8,1.395081922,1.059291624
sub-036,16,10,9,1.395081922,1.451924812
sub-036,17,5,5,-0.076652853,-0.118607942
sub-036,18,7,3,0.512041057,-0.90387432
sub-036,19,6,7,0.217694102,0.666658435
sub-036,20,5,5,-0.076652853,-0.118607942
sub-036,21,7,6,0.512041057,0.274025246
sub-036,22,10,9,1.395081922,1.451924812
sub-036,23,8,3,0.806388012,-0.90387432
sub-036,24,9,9,1.100734967,1.451924812
sub-036,25,1,6,-1.254040673,0.274025246
sub-036,26,2,3,-0.959693718,-0.90387432
sub-036,27,5,5,-0.076652853,-0.118607942
sub-036,28,1,9,-1.254040673,1.451924812
sub-036,29,1,1,-1.254040673,-1.689140697
sub-036,30,2,3,-0.959693718,-0.90387432
sub-036,31,4,6,-0.370999808,0.274025246
sub-036,32,1,2,-1.254040673,-1.296507508
sub-036,33,1,9,-1.254040673,1.451924812
sub-036,34,3,4,-0.665346763,-0.511241131
sub-036,35,2,9,-0.959693718,1.451924812
sub-036,36,1,2,-1.254040673,-1.296507508
sub-036,37,1,3,-1.254040673,-0.90387432
sub-036,38,2,8,-0.959693718,1.059291624
sub-036,39,1,5,-1.254040673,-0.118607942
sub-036,40,5,5,-0.076652853,-0.118607942
sub-036,41,3,5,-0.665346763,-0.118607942
sub-036,42,3,3,-0.665346763,-0.90387432
sub-036,43,3,2,-0.665346763,-1.296507508
sub-036,44,2,8,-0.959693718,1.059291624
sub-036,45,1,4,-1.254040673,-0.511241131
sub-036,46,2,3,-0.959693718,-0.90387432
sub-036,47,2,8,-0.959693718,1.059291624
sub-036,48,1,3,-1.254040673,-0.90387432
sub-036,49,5,5,-0.076652853,-0.118607942
sub-036,50,5,5,-0.076652853,-0.118607942
sub-036,51,9,8,1.100734967,1.059291624
sub-036,52,5,5,-0.076652853,-0.118607942
sub-036,53,10,2,1.395081922,-1.296507508
sub-036,54,9,2,1.100734967,-1.296507508
sub-036,55,5,5,-0.076652853,-0.118607942
sub-036,56,5,5,-0.076652853,-0.118607942
sub-036,57,8,7,0.806388012,0.666658435
sub-036,58,9,2,1.100734967,-1.296507508
sub-036,59,9,9,1.100734967,1.451924812
sub-036,60,7,6,0.512041057,0.274025246
sub-036,61,8,5,0.806388012,-0.118607942
sub-036,62,9,7,1.100734967,0.666658435
sub-036,63,10,2,1.395081922,-1.296507508
sub-036,64,7,5,0.512041057,-0.118607942
sub-036,65,9,2,1.100734967,-1.296507508
sub-036,66,8,4,0.806388012,-0.511241131
sub-036,67,9,2,1.100734967,-1.296507508
sub-036,68,9,5,1.100734967,-0.118607942
sub-036,69,9,2,1.100734967,-1.296507508
sub-036,70,9,8,1.100734967,1.059291624
sub-036,71,9,3,1.100734967,-0.90387432
sub-036,72,9,6,1.100734967,0.274025246
sub-036,73,5,5,-0.076652853,-0.118607942
sub-036,74,1,2,-1.254040673,-1.296507508
sub-036,75,2,7,-0.959693718,0.666658435
sub-036,76,5,5,-0.076652853,-0.118607942
sub-036,77,2,1,-0.959693718,-1.689140697
sub-036,78,3,4,-0.665346763,-0.511241131
sub-036,79,5,5,-0.076652853,-0.118607942
sub-036,80,2,4,-0.959693718,-0.511241131
sub-036,81,1,9,-1.254040673,1.451924812
sub-036,82,3,4,-0.665346763,-0.511241131
sub-036,83,2,7,-0.959693718,0.666658435
sub-036,84,2,2,-0.959693718,-1.296507508
sub-036,85,1,3,-1.254040673,-0.90387432
sub-036,86,2,2,-0.959693718,-1.296507508
sub-036,87,1,9,-1.254040673,1.451924812
sub-036,88,2,3,-0.959693718,-0.90387432
sub-036,89,2,8,-0.959693718,1.059291624
sub-036,90,2,3,-0.959693718,-0.90387432
sub-036,91,4,5,-0.370999808,-0.118607942
sub-036,92,2,3,-0.959693718,-0.90387432
sub-036,93,2,3,-0.959693718,-0.90387432
sub-036,94,1,8,-1.254040673,1.059291624
sub-036,95,2,4,-0.959693718,-0.511241131
sub-036,96,2,9,-0.959693718,1.451924812
sub-037,1,6,7,0.127600912,0.87683475
sub-037,2,6,1,0.127600912,-1.673957251
sub-037,3,6,5,0.127600912,0.02657075
sub-037,4,6,1,0.127600912,-1.673957251
sub-037,5,8,7,0.808139108,0.87683475
sub-037,6,10,6,1.488677304,0.45170275
sub-037,7,6,1,0.127600912,-1.673957251
sub-037,8,7,7,0.46787001,0.87683475
sub-037,9,9,6,1.148408206,0.45170275
sub-037,10,8,8,0.808139108,1.301966751
sub-037,11,7,2,0.46787001,-1.248825251
sub-037,12,10,10,1.488677304,2.152230751
sub-037,13,8,7,0.808139108,0.87683475
sub-037,14,10,8,1.488677304,1.301966751
sub-037,15,10,10,1.488677304,2.152230751
sub-037,16,8,7,0.808139108,0.87683475
sub-037,17,5,3,-0.212668186,-0.82369325
sub-037,18,6,1,0.127600912,-1.673957251
sub-037,19,6,2,0.127600912,-1.248825251
sub-037,20,6,1,0.127600912,-1.673957251
sub-037,21,7,3,0.46787001,-0.82369325
sub-037,22,7,4,0.46787001,-0.39856125
sub-037,23,6,4,0.127600912,-0.39856125
sub-037,24,7,8,0.46787001,1.301966751
sub-037,25,3,6,-0.893206382,0.45170275
sub-037,26,5,3,-0.212668186,-0.82369325
sub-037,27,3,4,-0.893206382,-0.39856125
sub-037,28,2,7,-1.233475481,0.87683475
sub-037,29,4,4,-0.552937284,-0.39856125
sub-037,30,3,5,-0.893206382,0.02657075
sub-037,31,4,3,-0.552937284,-0.82369325
sub-037,32,1,10,-1.573744579,2.152230751
sub-037,33,2,4,-1.233475481,-0.39856125
sub-037,34,4,1,-0.552937284,-1.673957251
sub-037,35,2,6,-1.233475481,0.45170275
sub-037,36,2,4,-1.233475481,-0.39856125
sub-037,37,2,6,-1.233475481,0.45170275
sub-037,38,1,8,-1.573744579,1.301966751
sub-037,39,1,9,-1.573744579,1.727098751
sub-037,40,3,2,-0.893206382,-1.248825251
sub-037,41,1,7,-1.573744579,0.87683475
sub-037,42,4,2,-0.552937284,-1.248825251
sub-037,43,5,6,-0.212668186,0.45170275
sub-037,44,4,1,-0.552937284,-1.673957251
sub-037,45,3,3,-0.893206382,-0.82369325
sub-037,46,1,4,-1.573744579,-0.39856125
sub-037,47,1,8,-1.573744579,1.301966751
sub-037,48,5,2,-0.212668186,-1.248825251
sub-037,49,10,8,1.488677304,1.301966751
sub-037,50,10,5,1.488677304,0.02657075
sub-037,51,9,3,1.148408206,-0.82369325
sub-037,52,7,3,0.46787001,-0.82369325
sub-037,53,8,4,0.808139108,-0.39856125
sub-037,54,10,5,1.488677304,0.02657075
sub-037,55,9,10,1.148408206,2.152230751
sub-037,56,8,5,0.808139108,0.02657075
sub-037,57,9,3,1.148408206,-0.82369325
sub-037,58,10,6,1.488677304,0.45170275
sub-037,59,10,8,1.488677304,1.301966751
sub-037,60,9,7,1.148408206,0.87683475
sub-037,61,10,5,1.488677304,0.02657075
sub-037,62,10,4,1.488677304,-0.39856125
sub-037,63,9,2,1.148408206,-1.248825251
sub-037,64,9,3,1.148408206,-0.82369325
sub-037,65,8,2,0.808139108,-1.248825251
sub-037,66,9,6,1.148408206,0.45170275
sub-037,67,10,6,1.488677304,0.45170275
sub-037,68,9,6,1.148408206,0.45170275
sub-037,69,10,6,1.488677304,0.45170275
sub-037,70,9,4,1.148408206,-0.39856125
sub-037,71,7,8,0.46787001,1.301966751
sub-037,72,8,6,0.808139108,0.45170275
sub-037,73,4,5,-0.552937284,0.02657075
sub-037,74,1,4,-1.573744579,-0.39856125
sub-037,75,5,4,-0.212668186,-0.39856125
sub-037,76,5,6,-0.212668186,0.45170275
sub-037,77,4,2,-0.552937284,-1.248825251
sub-037,78,5,3,-0.212668186,-0.82369325
sub-037,79,5,6,-0.212668186,0.45170275
sub-037,80,3,6,-0.893206382,0.45170275
sub-037,81,3,7,-0.893206382,0.87683475
sub-037,82,4,6,-0.552937284,0.45170275
sub-037,83,2,8,-1.233475481,1.301966751
sub-037,84,3,2,-0.893206382,-1.248825251
sub-037,85,2,3,-1.233475481,-0.82369325
sub-037,86,4,3,-0.552937284,-0.82369325
sub-037,87,1,5,-1.573744579,0.02657075
sub-037,88,5,6,-0.212668186,0.45170275
sub-037,89,3,7,-0.893206382,0.87683475
sub-037,90,3,5,-0.893206382,0.02657075
sub-037,91,5,2,-0.212668186,-1.248825251
sub-037,92,4,3,-0.552937284,-0.82369325
sub-037,93,3,4,-0.893206382,-0.39856125
sub-037,94,2,7,-1.233475481,0.87683475
sub-037,95,4,6,-0.552937284,0.45170275
sub-037,96,2,5,-1.233475481,0.02657075
sub-038,1,8,7,1.368192502,0.848244167
sub-038,2,3,3,-0.87321501,-0.732948844
sub-038,3,9,8,1.816474004,1.24354242
sub-038,4,5,2,0.023347995,-1.128247096
sub-038,5,9,8,1.816474004,1.24354242
sub-038,6,6,6,0.471629497,0.452945915
sub-038,7,7,7,0.919910999,0.848244167
sub-038,8,6,6,0.471629497,0.452945915
sub-038,9,6,4,0.471629497,-0.337650591
sub-038,10,7,2,0.919910999,-1.128247096
sub-038,11,7,2,0.919910999,-1.128247096
sub-038,12,7,4,0.919910999,-0.337650591
sub-038,13,10,10,2.264755506,2.034138926
sub-038,14,10,10,2.264755506,2.034138926
sub-038,15,10,10,2.264755506,2.034138926
sub-038,16,9,10,1.816474004,2.034138926
sub-038,17,5,4,0.023347995,-0.337650591
sub-038,18,4,3,-0.424933507,-0.732948844
sub-038,19,6,2,0.471629497,-1.128247096
sub-038,20,3,3,-0.87321501,-0.732948844
sub-038,21,4,3,-0.424933507,-0.732948844
sub-038,22,4,4,-0.424933507,-0.337650591
sub-038,23,4,6,-0.424933507,0.452945915
sub-038,24,5,4,0.023347995,-0.337650591
sub-038,25,4,2,-0.424933507,-1.128247096
sub-038,26,3,4,-0.87321501,-0.337650591
sub-038,27,4,4,-0.424933507,-0.337650591
sub-038,28,3,7,-0.87321501,0.848244167
sub-038,29,3,7,-0.87321501,0.848244167
sub-038,30,4,4,-0.424933507,-0.337650591
sub-038,31,4,7,-0.424933507,0.848244167
sub-038,32,3,6,-0.87321501,0.452945915
sub-038,33,3,3,-0.87321501,-0.732948844
sub-038,34,3,3,-0.87321501,-0.732948844
sub-038,35,4,2,-0.424933507,-1.128247096
sub-038,36,3,8,-0.87321501,1.24354242
sub-038,37,2,7,-1.321496512,0.848244167
sub-038,38,3,7,-0.87321501,0.848244167
sub-038,39,3,6,-0.87321501,0.452945915
sub-038,40,4,3,-0.424933507,-0.732948844
sub-038,41,4,2,-0.424933507,-1.128247096
sub-038,42,5,3,0.023347995,-0.732948844
sub-038,43,3,3,-0.87321501,-0.732948844
sub-038,44,4,6,-0.424933507,0.452945915
sub-038,45,4,6,-0.424933507,0.452945915
sub-038,46,5,2,0.023347995,-1.128247096
sub-038,47,3,2,-0.87321501,-1.128247096
sub-038,48,3,3,-0.87321501,-0.732948844
sub-038,49,8,2,1.368192502,-1.128247096
sub-038,50,6,2,0.471629497,-1.128247096
sub-038,51,8,2,1.368192502,-1.128247096
sub-038,52,7,2,0.919910999,-1.128247096
sub-038,53,6,1,0.471629497,-1.523545349
sub-038,54,6,2,0.471629497,-1.128247096
sub-038,55,7,1,0.919910999,-1.523545349
sub-038,56,6,1,0.471629497,-1.523545349
sub-038,57,7,1,0.919910999,-1.523545349
sub-038,58,6,3,0.471629497,-0.732948844
sub-038,59,9,8,1.816474004,1.24354242
sub-038,60,9,2,1.816474004,-1.128247096
sub-038,61,7,2,0.919910999,-1.128247096
sub-038,62,8,1,1.368192502,-1.523545349
sub-038,63,6,1,0.471629497,-1.523545349
sub-038,64,6,2,0.471629497,-1.128247096
sub-038,65,7,8,0.919910999,1.24354242
sub-038,66,6,3,0.471629497,-0.732948844
sub-038,67,6,2,0.471629497,-1.128247096
sub-038,68,7,6,0.919910999,0.452945915
sub-038,69,7,7,0.919910999,0.848244167
sub-038,70,7,2,0.919910999,-1.128247096
sub-038,71,9,8,1.816474004,1.24354242
sub-038,72,7,9,0.919910999,1.638840673
sub-038,73,3,7,-0.87321501,0.848244167
sub-038,74,4,6,-0.424933507,0.452945915
sub-038,75,2,4,-1.321496512,-0.337650591
sub-038,76,3,6,-0.87321501,0.452945915
sub-038,77,4,6,-0.424933507,0.452945915
sub-038,78,4,6,-0.424933507,0.452945915
sub-038,79,4,6,-0.424933507,0.452945915
sub-038,80,3,4,-0.87321501,-0.337650591
sub-038,81,2,7,-1.321496512,0.848244167
sub-038,82,3,4,-0.87321501,-0.337650591
sub-038,83,2,8,-1.321496512,1.24354242
sub-038,84,4,6,-0.424933507,0.452945915
sub-038,85,3,6,-0.87321501,0.452945915
sub-038,86,2,7,-1.321496512,0.848244167
sub-038,87,2,8,-1.321496512,1.24354242
sub-038,88,2,6,-1.321496512,0.452945915
sub-038,89,2,7,-1.321496512,0.848244167
sub-038,90,3,6,-0.87321501,0.452945915
sub-038,91,2,8,-1.321496512,1.24354242
sub-038,92,3,7,-0.87321501,0.848244167
sub-038,93,3,7,-0.87321501,0.848244167
sub-038,94,2,8,-1.321496512,1.24354242
sub-038,95,4,6,-0.424933507,0.452945915
sub-038,96,3,7,-0.87321501,0.848244167
sub-039,1,8,5,1.255221004,0.668726062
sub-039,2,7,6,0.857527221,1.212774383
sub-039,3,7,5,0.857527221,0.668726062
sub-039,4,7,3,0.857527221,-0.419370581
sub-039,5,7,5,0.857527221,0.668726062
sub-039,6,7,4,0.857527221,0.12467774
sub-039,7,7,5,0.857527221,0.668726062
sub-039,8,7,6,0.857527221,1.212774383
sub-039,9,8,5,1.255221004,0.668726062
sub-039,10,9,6,1.652914788,1.212774383
sub-039,11,7,4,0.857527221,0.12467774
sub-039,12,9,5,1.652914788,0.668726062
sub-039,13,8,5,1.255221004,0.668726062
sub-039,14,8,4,1.255221004,0.12467774
sub-039,15,7,6,0.857527221,1.212774383
sub-039,16,7,5,0.857527221,0.668726062
sub-039,17,6,7,0.459833437,1.756822704
sub-039,18,7,6,0.857527221,1.212774383
sub-039,19,6,6,0.459833437,1.212774383
sub-039,20,5,5,0.062139654,0.668726062
sub-039,21,6,6,0.459833437,1.212774383
sub-039,22,6,6,0.459833437,1.212774383
sub-039,23,6,5,0.459833437,0.668726062
sub-039,24,7,6,0.857527221,1.212774383
sub-039,25,1,6,-1.52863548,1.212774383
sub-039,26,3,3,-0.733247913,-0.419370581
sub-039,27,1,4,-1.52863548,0.12467774
sub-039,28,9,3,1.652914788,-0.419370581
sub-039,29,1,8,-1.52863548,2.300871025
sub-039,30,3,1,-0.733247913,-1.507467224
sub-039,31,2,4,-1.130941697,0.12467774
sub-039,32,1,5,-1.52863548,0.668726062
sub-039,33,1,7,-1.52863548,1.756822704
sub-039,34,2,7,-1.130941697,1.756822704
sub-039,35,2,4,-1.130941697,0.12467774
sub-039,36,3,3,-0.733247913,-0.419370581
sub-039,37,3,3,-0.733247913,-0.419370581
sub-039,38,3,3,-0.733247913,-0.419370581
sub-039,39,3,3,-0.733247913,-0.419370581
sub-039,40,2,4,-1.130941697,0.12467774
sub-039,41,1,6,-1.52863548,1.212774383
sub-039,42,3,7,-0.733247913,1.756822704
sub-039,43,3,3,-0.733247913,-0.419370581
sub-039,44,3,1,-0.733247913,-1.507467224
sub-039,45,2,5,-1.130941697,0.668726062
sub-039,46,3,4,-0.733247913,0.12467774
sub-039,47,3,3,-0.733247913,-0.419370581
sub-039,48,3,3,-0.733247913,-0.419370581
sub-039,49,6,6,0.459833437,1.212774383
sub-039,50,9,1,1.652914788,-1.507467224
sub-039,51,7,3,0.857527221,-0.419370581
sub-039,52,6,2,0.459833437,-0.963418902
sub-039,53,8,1,1.255221004,-1.507467224
sub-039,54,7,1,0.857527221,-1.507467224
sub-039,55,8,8,1.255221004,2.300871025
sub-039,56,7,2,0.857527221,-0.963418902
sub-039,57,7,3,0.857527221,-0.419370581
sub-039,58,8,3,1.255221004,-0.419370581
sub-039,59,8,2,1.255221004,-0.963418902
sub-039,60,7,3,0.857527221,-0.419370581
sub-039,61,8,1,1.255221004,-1.507467224
sub-039,62,7,1,0.857527221,-1.507467224
sub-039,63,7,3,0.857527221,-0.419370581
sub-039,64,7,5,0.857527221,0.668726062
sub-039,65,7,2,0.857527221,-0.963418902
sub-039,66,7,2,0.857527221,-0.963418902
sub-039,67,7,3,0.857527221,-0.419370581
sub-039,68,6,2,0.459833437,-0.963418902
sub-039,69,6,1,0.459833437,-1.507467224
sub-039,70,6,1,0.459833437,-1.507467224
sub-039,71,7,2,0.857527221,-0.963418902
sub-039,72,7,2,0.857527221,-0.963418902
sub-039,73,4,2,-0.33555413,-0.963418902
sub-039,74,2,5,-1.130941697,0.668726062
sub-039,75,4,2,-0.33555413,-0.963418902
sub-039,76,5,2,0.062139654,-0.963418902
sub-039,77,4,2,-0.33555413,-0.963418902
sub-039,78,4,1,-0.33555413,-1.507467224
sub-039,79,4,2,-0.33555413,-0.963418902
sub-039,80,4,2,-0.33555413,-0.963418902
sub-039,81,2,5,-1.130941697,0.668726062
sub-039,82,3,5,-0.733247913,0.668726062
sub-039,83,3,4,-0.733247913,0.12467774
sub-039,84,2,3,-1.130941697,-0.419370581
sub-039,85,2,1,-1.130941697,-1.507467224
sub-039,86,4,4,-0.33555413,0.12467774
sub-039,87,2,4,-1.130941697,0.12467774
sub-039,88,2,2,-1.130941697,-0.963418902
sub-039,89,1,5,-1.52863548,0.668726062
sub-039,90,3,5,-0.733247913,0.668726062
sub-039,91,3,4,-0.733247913,0.12467774
sub-039,92,2,3,-1.130941697,-0.419370581
sub-039,93,2,2,-1.130941697,-0.963418902
sub-039,94,1,1,-1.52863548,-1.507467224
sub-039,95,1,5,-1.52863548,0.668726062
sub-039,96,1,5,-1.52863548,0.668726062
sub-040,1,7,7,0.680742995,1.245889598
sub-040,2,7,3,0.680742995,-0.798647178
sub-040,3,7,7,0.680742995,1.245889598
sub-040,4,8,3,1.07442569,-0.798647178
sub-040,5,7,7,0.680742995,1.245889598
sub-040,6,8,2,1.07442569,-1.309781372
sub-040,7,7,6,0.680742995,0.734755404
sub-040,8,7,7,0.680742995,1.245889598
sub-040,9,8,8,1.07442569,1.757023792
sub-040,10,8,5,1.07442569,0.22362121
sub-040,11,8,8,1.07442569,1.757023792
sub-040,12,8,3,1.07442569,-0.798647178
sub-040,13,9,3,1.468108386,-0.798647178
sub-040,14,8,4,1.07442569,-0.287512984
sub-040,15,8,5,1.07442569,0.22362121
sub-040,16,7,3,0.680742995,-0.798647178
sub-040,17,7,6,0.680742995,0.734755404
sub-040,18,7,2,0.680742995,-1.309781372
sub-040,19,7,7,0.680742995,1.245889598
sub-040,20,6,7,0.287060299,1.245889598
sub-040,21,7,8,0.680742995,1.757023792
sub-040,22,7,2,0.680742995,-1.309781372
sub-040,23,7,7,0.680742995,1.245889598
sub-040,24,7,7,0.680742995,1.245889598
sub-040,25,2,7,-1.287670484,1.245889598
sub-040,26,2,7,-1.287670484,1.245889598
sub-040,27,3,7,-0.893987788,1.245889598
sub-040,28,2,5,-1.287670484,0.22362121
sub-040,29,2,7,-1.287670484,1.245889598
sub-040,30,3,4,-0.893987788,-0.287512984
sub-040,31,2,7,-1.287670484,1.245889598
sub-040,32,3,5,-0.893987788,0.22362121
sub-040,33,3,5,-0.893987788,0.22362121
sub-040,34,2,7,-1.287670484,1.245889598
sub-040,35,3,5,-0.893987788,0.22362121
sub-040,36,3,3,-0.893987788,-0.798647178
sub-040,37,2,4,-1.287670484,-0.287512984
sub-040,38,2,5,-1.287670484,0.22362121
sub-040,39,3,5,-0.893987788,0.22362121
sub-040,40,3,7,-0.893987788,1.245889598
sub-040,41,2,8,-1.287670484,1.757023792
sub-040,42,3,5,-0.893987788,0.22362121
sub-040,43,3,6,-0.893987788,0.734755404
sub-040,44,3,4,-0.893987788,-0.287512984
sub-040,45,2,7,-1.287670484,1.245889598
sub-040,46,2,5,-1.287670484,0.22362121
sub-040,47,3,5,-0.893987788,0.22362121
sub-040,48,3,7,-0.893987788,1.245889598
sub-040,49,8,5,1.07442569,0.22362121
sub-040,50,9,2,1.468108386,-1.309781372
sub-040,51,8,2,1.07442569,-1.309781372
sub-040,52,8,3,1.07442569,-0.798647178
sub-040,53,8,2,1.07442569,-1.309781372
sub-040,54,8,3,1.07442569,-0.798647178
sub-040,55,8,8,1.07442569,1.757023792
sub-040,56,8,2,1.07442569,-1.309781372
sub-040,57,8,3,1.07442569,-0.798647178
sub-040,58,8,2,1.07442569,-1.309781372
sub-040,59,8,3,1.07442569,-0.798647178
sub-040,60,8,5,1.07442569,0.22362121
sub-040,61,7,3,0.680742995,-0.798647178
sub-040,62,8,2,1.07442569,-1.309781372
sub-040,63,8,3,1.07442569,-0.798647178
sub-040,64,8,5,1.07442569,0.22362121
sub-040,65,8,3,1.07442569,-0.798647178
sub-040,66,8,2,1.07442569,-1.309781372
sub-040,67,8,2,1.07442569,-1.309781372
sub-040,68,7,3,0.680742995,-0.798647178
sub-040,69,8,2,1.07442569,-1.309781372
sub-040,70,8,2,1.07442569,-1.309781372
sub-040,71,9,3,1.468108386,-0.798647178
sub-040,72,8,3,1.07442569,-0.798647178
sub-040,73,4,3,-0.500305092,-0.798647178
sub-040,74,3,3,-0.893987788,-0.798647178
sub-040,75,4,3,-0.500305092,-0.798647178
sub-040,76,5,3,-0.106622397,-0.798647178
sub-040,77,5,4,-0.106622397,-0.287512984
sub-040,78,4,3,-0.500305092,-0.798647178
sub-040,79,5,3,-0.106622397,-0.798647178
sub-040,80,4,3,-0.500305092,-0.798647178
sub-040,81,3,4,-0.893987788,-0.287512984
sub-040,82,3,7,-0.893987788,1.245889598
sub-040,83,3,2,-0.893987788,-1.309781372
sub-040,84,3,7,-0.893987788,1.245889598
sub-040,85,2,5,-1.287670484,0.22362121
sub-040,86,2,4,-1.287670484,-0.287512984
sub-040,87,2,7,-1.287670484,1.245889598
sub-040,88,2,8,-1.287670484,1.757023792
sub-040,89,3,3,-0.893987788,-0.798647178
sub-040,90,4,3,-0.500305092,-0.798647178
sub-040,91,3,4,-0.893987788,-0.287512984
sub-040,92,3,2,-0.893987788,-1.309781372
sub-040,93,2,5,-1.287670484,0.22362121
sub-040,94,3,4,-0.893987788,-0.287512984
sub-040,95,2,6,-1.287670484,0.734755404
sub-040,96,2,5,-1.287670484,0.22362121
sub-041,1,5,3,0.00543481,-0.998144465
sub-041,2,6,4,0.527176536,-0.514195633
sub-041,3,5,2,0.00543481,-1.482093296
sub-041,4,7,7,1.048918261,0.937650861
sub-041,5,7,6,1.048918261,0.45370203
sub-041,6,6,5,0.527176536,-0.030246802
sub-041,7,6,9,0.527176536,1.905548524
sub-041,8,9,9,2.092401713,1.905548524
sub-041,9,6,4,0.527176536,-0.514195633
sub-041,10,9,8,2.092401713,1.421599692
sub-041,11,7,3,1.048918261,-0.998144465
sub-041,12,6,4,0.527176536,-0.514195633
sub-041,13,7,9,1.048918261,1.905548524
sub-041,14,9,9,2.092401713,1.905548524
sub-041,15,7,4,1.048918261,-0.514195633
sub-041,16,8,7,1.570659987,0.937650861
sub-041,17,7,8,1.048918261,1.421599692
sub-041,18,5,4,0.00543481,-0.514195633
sub-041,19,5,4,0.00543481,-0.514195633
sub-041,20,6,5,0.527176536,-0.030246802
sub-041,21,8,4,1.570659987,-0.514195633
sub-041,22,7,6,1.048918261,0.45370203
sub-041,23,7,7,1.048918261,0.937650861
sub-041,24,9,7,2.092401713,0.937650861
sub-041,25,3,8,-1.038048642,1.421599692
sub-041,26,4,5,-0.516306916,-0.030246802
sub-041,27,2,5,-1.559790368,-0.030246802
sub-041,28,3,7,-1.038048642,0.937650861
sub-041,29,2,7,-1.559790368,0.937650861
sub-041,30,2,4,-1.559790368,-0.514195633
sub-041,31,1,7,-2.081532094,0.937650861
sub-041,32,3,6,-1.038048642,0.45370203
sub-041,33,2,6,-1.559790368,0.45370203
sub-041,34,3,5,-1.038048642,-0.030246802
sub-041,35,3,4,-1.038048642,-0.514195633
sub-041,36,3,5,-1.038048642,-0.030246802
sub-041,37,3,7,-1.038048642,0.937650861
sub-041,38,2,6,-1.559790368,0.45370203
sub-041,39,5,4,0.00543481,-0.514195633
sub-041,40,3,6,-1.038048642,0.45370203
sub-041,41,2,6,-1.559790368,0.45370203
sub-041,42,4,5,-0.516306916,-0.030246802
sub-041,43,5,3,0.00543481,-0.998144465
sub-041,44,4,3,-0.516306916,-0.998144465
sub-041,45,4,6,-0.516306916,0.45370203
sub-041,46,3,6,-1.038048642,0.45370203
sub-041,47,3,6,-1.038048642,0.45370203
sub-041,48,4,6,-0.516306916,0.45370203
sub-041,49,6,7,0.527176536,0.937650861
sub-041,50,7,1,1.048918261,-1.966042128
sub-041,51,7,8,1.048918261,1.421599692
sub-041,52,5,3,0.00543481,-0.998144465
sub-041,53,6,2,0.527176536,-1.482093296
sub-041,54,7,4,1.048918261,-0.514195633
sub-041,55,8,8,1.570659987,1.421599692
sub-041,56,6,3,0.527176536,-0.998144465
sub-041,57,6,2,0.527176536,-1.482093296
sub-041,58,5,1,0.00543481,-1.966042128
sub-041,59,7,8,1.048918261,1.421599692
sub-041,60,6,8,0.527176536,1.421599692
sub-041,61,7,4,1.048918261,-0.514195633
sub-041,62,6,3,0.527176536,-0.998144465
sub-041,63,8,8,1.570659987,1.421599692
sub-041,64,6,2,0.527176536,-1.482093296
sub-041,65,8,9,1.570659987,1.905548524
sub-041,66,6,2,0.527176536,-1.482093296
sub-041,67,6,1,0.527176536,-1.966042128
sub-041,68,6,6,0.527176536,0.45370203
sub-041,69,6,2,0.527176536,-1.482093296
sub-041,70,5,1,0.00543481,-1.966042128
sub-041,71,6,2,0.527176536,-1.482093296
sub-041,72,5,2,0.00543481,-1.482093296
sub-041,73,5,4,0.00543481,-0.514195633
sub-041,74,4,5,-0.516306916,-0.030246802
sub-041,75,5,3,0.00543481,-0.998144465
sub-041,76,6,5,0.527176536,-0.030246802
sub-041,77,5,4,0.00543481,-0.514195633
sub-041,78,4,4,-0.516306916,-0.514195633
sub-041,79,5,3,0.00543481,-0.998144465
sub-041,80,5,3,0.00543481,-0.998144465
sub-041,81,4,6,-0.516306916,0.45370203
sub-041,82,3,6,-1.038048642,0.45370203
sub-041,83,3,5,-1.038048642,-0.030246802
sub-041,84,4,4,-0.516306916,-0.514195633
sub-041,85,3,6,-1.038048642,0.45370203
sub-041,86,3,6,-1.038048642,0.45370203
sub-041,87,3,7,-1.038048642,0.937650861
sub-041,88,3,6,-1.038048642,0.45370203
sub-041,89,3,5,-1.038048642,-0.030246802
sub-041,90,4,5,-0.516306916,-0.030246802
sub-041,91,3,6,-1.038048642,0.45370203
sub-041,92,4,5,-0.516306916,-0.030246802
sub-041,93,3,4,-1.038048642,-0.514195633
sub-041,94,3,6,-1.038048642,0.45370203
sub-041,95,3,4,-1.038048642,-0.514195633
sub-041,96,3,6,-1.038048642,0.45370203
sub-042,1,5,5,-0.033678138,-0.37387081
sub-042,2,8,8,1.04402229,1.024503129
sub-042,3,9,9,1.403255766,1.490627775
sub-042,4,7,6,0.684788814,0.092253836
sub-042,5,10,9,1.762489243,1.490627775
sub-042,6,9,7,1.403255766,0.558378482
sub-042,7,9,7,1.403255766,0.558378482
sub-042,8,8,8,1.04402229,1.024503129
sub-042,9,9,7,1.403255766,0.558378482
sub-042,10,9,8,1.403255766,1.024503129
sub-042,11,7,7,0.684788814,0.558378482
sub-042,12,7,6,0.684788814,0.092253836
sub-042,13,8,6,1.04402229,0.092253836
sub-042,14,9,9,1.403255766,1.490627775
sub-042,15,9,9,1.403255766,1.490627775
sub-042,16,7,8,0.684788814,1.024503129
sub-042,17,5,4,-0.033678138,-0.839995456
sub-042,18,6,6,0.325555338,0.092253836
sub-042,19,5,6,-0.033678138,0.092253836
sub-042,20,4,4,-0.392911615,-0.839995456
sub-042,21,7,8,0.684788814,1.024503129
sub-042,22,7,8,0.684788814,1.024503129
sub-042,23,8,8,1.04402229,1.024503129
sub-042,24,7,9,0.684788814,1.490627775
sub-042,25,4,7,-0.392911615,0.558378482
sub-042,26,3,8,-0.752145091,1.024503129
sub-042,27,1,8,-1.470612043,1.024503129
sub-042,28,2,8,-1.111378567,1.024503129
sub-042,29,2,8,-1.111378567,1.024503129
sub-042,30,2,8,-1.111378567,1.024503129
sub-042,31,1,10,-1.470612043,1.956752421
sub-042,32,3,8,-0.752145091,1.024503129
sub-042,33,2,5,-1.111378567,-0.37387081
sub-042,34,3,4,-0.752145091,-0.839995456
sub-042,35,2,6,-1.111378567,0.092253836
sub-042,36,4,6,-0.392911615,0.092253836
sub-042,37,3,7,-0.752145091,0.558378482
sub-042,38,1,10,-1.470612043,1.956752421
sub-042,39,2,5,-1.111378567,-0.37387081
sub-042,40,3,5,-0.752145091,-0.37387081
sub-042,41,2,6,-1.111378567,0.092253836
sub-042,42,3,3,-0.752145091,-1.306120102
sub-042,43,3,7,-0.752145091,0.558378482
sub-042,44,2,4,-1.111378567,-0.839995456
sub-042,45,4,5,-0.392911615,-0.37387081
sub-042,46,3,4,-0.752145091,-0.839995456
sub-042,47,1,6,-1.470612043,0.092253836
sub-042,48,1,4,-1.470612043,-0.839995456
sub-042,49,10,4,1.762489243,-0.839995456
sub-042,50,10,3,1.762489243,-1.306120102
sub-042,51,7,3,0.684788814,-1.306120102
sub-042,52,6,5,0.325555338,-0.37387081
sub-042,53,8,3,1.04402229,-1.306120102
sub-042,54,7,6,0.684788814,0.092253836
sub-042,55,9,10,1.403255766,1.956752421
sub-042,56,7,4,0.684788814,-0.839995456
sub-042,57,10,3,1.762489243,-1.306120102
sub-042,58,6,2,0.325555338,-1.772244749
sub-042,59,8,5,1.04402229,-0.37387081
sub-042,60,8,4,1.04402229,-0.839995456
sub-042,61,9,3,1.403255766,-1.306120102
sub-042,62,8,4,1.04402229,-0.839995456
sub-042,63,8,2,1.04402229,-1.772244749
sub-042,64,8,3,1.04402229,-1.306120102
sub-042,65,9,8,1.403255766,1.024503129
sub-042,66,7,6,0.684788814,0.092253836
sub-042,67,7,4,0.684788814,-0.839995456
sub-042,68,7,2,0.684788814,-1.772244749
sub-042,69,6,3,0.325555338,-1.306120102
sub-042,70,5,2,-0.033678138,-1.772244749
sub-042,71,7,8,0.684788814,1.024503129
sub-042,72,8,7,1.04402229,0.558378482
sub-042,73,3,4,-0.752145091,-0.839995456
sub-042,74,3,6,-0.752145091,0.092253836
sub-042,75,4,3,-0.392911615,-1.306120102
sub-042,76,4,6,-0.392911615,0.092253836
sub-042,77,2,3,-1.111378567,-1.306120102
sub-042,78,3,3,-0.752145091,-1.306120102
sub-042,79,4,2,-0.392911615,-1.772244749
sub-042,80,4,3,-0.392911615,-1.306120102
sub-042,81,2,8,-1.111378567,1.024503129
sub-042,82,2,4,-1.111378567,-0.839995456
sub-042,83,4,6,-0.392911615,0.092253836
sub-042,84,2,7,-1.111378567,0.558378482
sub-042,85,2,7,-1.111378567,0.558378482
sub-042,86,4,5,-0.392911615,-0.37387081
sub-042,87,2,6,-1.111378567,0.092253836
sub-042,88,2,9,-1.111378567,1.490627775
sub-042,89,3,7,-0.752145091,0.558378482
sub-042,90,3,5,-0.752145091,-0.37387081
sub-042,91,2,8,-1.111378567,1.024503129
sub-042,92,3,7,-0.752145091,0.558378482
sub-042,93,3,6,-0.752145091,0.092253836
sub-042,94,3,3,-0.752145091,-1.306120102
sub-042,95,3,5,-0.752145091,-0.37387081
sub-042,96,1,6,-1.470612043,0.092253836
sub-043,1,7,4,1.217670098,0.11293725
sub-043,2,6,2,0.702708294,-0.919631893
sub-043,3,7,6,1.217670098,1.145506393
sub-043,4,7,6,1.217670098,1.145506393
sub-043,5,7,6,1.217670098,1.145506393
sub-043,6,7,5,1.217670098,0.629221822
sub-043,7,7,5,1.217670098,0.629221822
sub-043,8,6,6,0.702708294,1.145506393
sub-043,9,7,5,1.217670098,0.629221822
sub-043,10,7,3,1.217670098,-0.403347322
sub-043,11,8,4,1.732631901,0.11293725
sub-043,12,8,5,1.732631901,0.629221822
sub-043,13,7,5,1.217670098,0.629221822
sub-043,14,7,6,1.217670098,1.145506393
sub-043,15,7,7,1.217670098,1.661790965
sub-043,16,7,3,1.217670098,-0.403347322
sub-043,17,3,2,-0.842177116,-0.919631893
sub-043,18,4,3,-0.327215313,-0.403347322
sub-043,19,3,3,-0.842177116,-0.403347322
sub-043,20,3,2,-0.842177116,-0.919631893
sub-043,21,3,3,-0.842177116,-0.403347322
sub-043,22,2,2,-1.35713892,-0.919631893
sub-043,23,4,3,-0.327215313,-0.403347322
sub-043,24,3,3,-0.842177116,-0.403347322
sub-043,25,2,6,-1.35713892,1.145506393
sub-043,26,3,5,-0.842177116,0.629221822
sub-043,27,3,7,-0.842177116,1.661790965
sub-043,28,3,7,-0.842177116,1.661790965
sub-043,29,3,6,-0.842177116,1.145506393
sub-043,30,4,3,-0.327215313,-0.403347322
sub-043,31,2,8,-1.35713892,2.178075536
sub-043,32,3,6,-0.842177116,1.145506393
sub-043,33,2,7,-1.35713892,1.661790965
sub-043,34,2,7,-1.35713892,1.661790965
sub-043,35,4,6,-0.327215313,1.145506393
sub-043,36,3,4,-0.842177116,0.11293725
sub-043,37,3,5,-0.842177116,0.629221822
sub-043,38,3,7,-0.842177116,1.661790965
sub-043,39,3,6,-0.842177116,1.145506393
sub-043,40,3,6,-0.842177116,1.145506393
sub-043,41,3,6,-0.842177116,1.145506393
sub-043,42,3,4,-0.842177116,0.11293725
sub-043,43,4,6,-0.327215313,1.145506393
sub-043,44,4,3,-0.327215313,-0.403347322
sub-043,45,3,4,-0.842177116,0.11293725
sub-043,46,3,6,-0.842177116,1.145506393
sub-043,47,3,7,-0.842177116,1.661790965
sub-043,48,4,4,-0.327215313,0.11293725
sub-043,49,8,2,1.732631901,-0.919631893
sub-043,50,7,2,1.217670098,-0.919631893
sub-043,51,6,2,0.702708294,-0.919631893
sub-043,52,7,2,1.217670098,-0.919631893
sub-043,53,8,1,1.732631901,-1.435916465
sub-043,54,7,2,1.217670098,-0.919631893
sub-043,55,6,6,0.702708294,1.145506393
sub-043,56,7,1,1.217670098,-1.435916465
sub-043,57,6,2,0.702708294,-0.919631893
sub-043,58,6,1,0.702708294,-1.435916465
sub-043,59,7,1,1.217670098,-1.435916465
sub-043,60,7,1,1.217670098,-1.435916465
sub-043,61,7,2,1.217670098,-0.919631893
sub-043,62,7,2,1.217670098,-0.919631893
sub-043,63,7,2,1.217670098,-0.919631893
sub-043,64,6,2,0.702708294,-0.919631893
sub-043,65,7,2,1.217670098,-0.919631893
sub-043,66,6,1,0.702708294,-1.435916465
sub-043,67,6,2,0.702708294,-0.919631893
sub-043,68,7,2,1.217670098,-0.919631893
sub-043,69,6,1,0.702708294,-1.435916465
sub-043,70,6,4,0.702708294,0.11293725
sub-043,71,6,1,0.702708294,-1.435916465
sub-043,72,7,2,1.217670098,-0.919631893
sub-043,73,3,2,-0.842177116,-0.919631893
sub-043,74,4,3,-0.327215313,-0.403347322
sub-043,75,3,3,-0.842177116,-0.403347322
sub-043,76,3,4,-0.842177116,0.11293725
sub-043,77,4,2,-0.327215313,-0.919631893
sub-043,78,4,2,-0.327215313,-0.919631893
sub-043,79,4,2,-0.327215313,-0.919631893
sub-043,80,3,3,-0.842177116,-0.403347322
sub-043,81,3,6,-0.842177116,1.145506393
sub-043,82,2,6,-1.35713892,1.145506393
sub-043,83,4,3,-0.327215313,-0.403347322
sub-043,84,3,6,-0.842177116,1.145506393
sub-043,85,2,2,-1.35713892,-0.919631893
sub-043,86,3,2,-0.842177116,-0.919631893
sub-043,87,2,6,-1.35713892,1.145506393
sub-043,88,3,6,-0.842177116,1.145506393
sub-043,89,4,3,-0.327215313,-0.403347322
sub-043,90,2,2,-1.35713892,-0.919631893
sub-043,91,4,5,-0.327215313,0.629221822
sub-043,92,3,3,-0.842177116,-0.403347322
sub-043,93,3,3,-0.842177116,-0.403347322
sub-043,94,3,3,-0.842177116,-0.403347322
sub-043,95,3,2,-0.842177116,-0.919631893
sub-043,96,3,3,-0.842177116,-0.403347322
sub-044,1,9,4,1.499861586,-0.853326312
sub-044,2,7,4,0.684072848,-0.853326312
sub-044,3,9,8,1.499861586,1.132596742
sub-044,4,7,2,0.684072848,-1.846287839
sub-044,5,9,7,1.499861586,0.636115978
sub-044,6,7,7,0.684072848,0.636115978
sub-044,7,7,5,0.684072848,-0.356845549
sub-044,8,7,3,0.684072848,-1.349807076
sub-044,9,9,7,1.499861586,0.636115978
sub-044,10,8,5,1.091967217,-0.356845549
sub-044,11,10,4,1.907755955,-0.853326312
sub-044,12,7,8,0.684072848,1.132596742
sub-044,13,10,8,1.907755955,1.132596742
sub-044,14,9,7,1.499861586,0.636115978
sub-044,15,10,8,1.907755955,1.132596742
sub-044,16,8,7,1.091967217,0.636115978
sub-044,17,6,3,0.276178479,-1.349807076
sub-044,18,6,2,0.276178479,-1.846287839
sub-044,19,7,4,0.684072848,-0.853326312
sub-044,20,6,4,0.276178479,-0.853326312
sub-044,21,7,5,0.684072848,-0.356845549
sub-044,22,6,3,0.276178479,-1.349807076
sub-044,23,7,6,0.684072848,0.139635215
sub-044,24,8,5,1.091967217,-0.356845549
sub-044,25,3,7,-0.947504628,0.636115978
sub-044,26,3,6,-0.947504628,0.139635215
sub-044,27,3,5,-0.947504628,-0.356845549
sub-044,28,3,7,-0.947504628,0.636115978
sub-044,29,5,6,-0.13171589,0.139635215
sub-044,30,2,10,-1.355398997,2.125558268
sub-044,31,2,9,-1.355398997,1.629077505
sub-044,32,2,5,-1.355398997,-0.356845549
sub-044,33,2,8,-1.355398997,1.132596742
sub-044,34,3,7,-0.947504628,0.636115978
sub-044,35,2,7,-1.355398997,0.636115978
sub-044,36,3,6,-0.947504628,0.139635215
sub-044,37,3,8,-0.947504628,1.132596742
sub-044,38,2,10,-1.355398997,2.125558268
sub-044,39,4,4,-0.539610259,-0.853326312
sub-044,40,3,5,-0.947504628,-0.356845549
sub-044,41,4,6,-0.539610259,0.139635215
sub-044,42,4,7,-0.539610259,0.636115978
sub-044,43,3,5,-0.947504628,-0.356845549
sub-044,44,3,6,-0.947504628,0.139635215
sub-044,45,4,7,-0.539610259,0.636115978
sub-044,46,3,4,-0.947504628,-0.853326312
sub-044,47,2,7,-1.355398997,0.636115978
sub-044,48,4,7,-0.539610259,0.636115978
sub-044,49,7,6,0.684072848,0.139635215
sub-044,50,7,2,0.684072848,-1.846287839
sub-044,51,7,5,0.684072848,-0.356845549
sub-044,52,7,3,0.684072848,-1.349807076
sub-044,53,8,8,1.091967217,1.132596742
sub-044,54,7,5,0.684072848,-0.356845549
sub-044,55,7,8,0.684072848,1.132596742
sub-044,56,7,4,0.684072848,-0.853326312
sub-044,57,9,4,1.499861586,-0.853326312
sub-044,58,6,3,0.276178479,-1.349807076
sub-044,59,7,4,0.684072848,-0.853326312
sub-044,60,8,7,1.091967217,0.636115978
sub-044,61,9,7,1.499861586,0.636115978
sub-044,62,8,6,1.091967217,0.139635215
sub-044,63,7,4,0.684072848,-0.853326312
sub-044,64,7,4,0.684072848,-0.853326312
sub-044,65,8,2,1.091967217,-1.846287839
sub-044,66,7,4,0.684072848,-0.853326312
sub-044,67,7,4,0.684072848,-0.853326312
sub-044,68,6,2,0.276178479,-1.846287839
sub-044,69,7,2,0.684072848,-1.846287839
sub-044,70,9,5,1.499861586,-0.356845549
sub-044,71,7,4,0.684072848,-0.853326312
sub-044,72,7,3,0.684072848,-1.349807076
sub-044,73,4,7,-0.539610259,0.636115978
sub-044,74,4,3,-0.539610259,-1.349807076
sub-044,75,3,8,-0.947504628,1.132596742
sub-044,76,5,7,-0.13171589,0.636115978
sub-044,77,4,6,-0.539610259,0.139635215
sub-044,78,3,8,-0.947504628,1.132596742
sub-044,79,4,6,-0.539610259,0.139635215
sub-044,80,3,4,-0.947504628,-0.853326312
sub-044,81,2,8,-1.355398997,1.132596742
sub-044,82,2,10,-1.355398997,2.125558268
sub-044,83,3,6,-0.947504628,0.139635215
sub-044,84,3,6,-0.947504628,0.139635215
sub-044,85,3,5,-0.947504628,-0.356845549
sub-044,86,4,6,-0.539610259,0.139635215
sub-044,87,2,8,-1.355398997,1.132596742
sub-044,88,3,7,-0.947504628,0.636115978
sub-044,89,2,8,-1.355398997,1.132596742
sub-044,90,5,3,-0.13171589,-1.349807076
sub-044,91,4,4,-0.539610259,-0.853326312
sub-044,92,4,7,-0.539610259,0.636115978
sub-044,93,2,8,-1.355398997,1.132596742
sub-044,94,3,8,-0.947504628,1.132596742
sub-044,95,4,6,-0.539610259,0.139635215
sub-044,96,1,9,-1.763293366,1.629077505
sub-045,1,7,3,0.747512996,-0.368776624
sub-045,2,7,2,0.747512996,-1.091277765
sub-045,3,7,4,0.747512996,0.353724517
sub-045,4,7,3,0.747512996,-0.368776624
sub-045,5,7,3,0.747512996,-0.368776624
sub-045,6,7,3,0.747512996,-0.368776624
sub-045,7,7,3,0.747512996,-0.368776624
sub-045,8,9,6,1.606929135,1.798726799
sub-045,9,7,4,0.747512996,0.353724517
sub-045,10,8,4,1.177221066,0.353724517
sub-045,11,8,4,1.177221066,0.353724517
sub-045,12,8,4,1.177221066,0.353724517
sub-045,13,9,7,1.606929135,2.52122794
sub-045,14,8,4,1.177221066,0.353724517
sub-045,15,8,4,1.177221066,0.353724517
sub-045,16,8,3,1.177221066,-0.368776624
sub-045,17,7,3,0.747512996,-0.368776624
sub-045,18,7,2,0.747512996,-1.091277765
sub-045,19,8,5,1.177221066,1.076225658
sub-045,20,7,3,0.747512996,-0.368776624
sub-045,21,9,6,1.606929135,1.798726799
sub-045,22,8,2,1.177221066,-1.091277765
sub-045,23,8,5,1.177221066,1.076225658
sub-045,24,7,4,0.747512996,0.353724517
sub-045,25,2,7,-1.401027352,2.52122794
sub-045,26,3,4,-0.971319282,0.353724517
sub-045,27,2,6,-1.401027352,1.798726799
sub-045,28,3,3,-0.971319282,-0.368776624
sub-045,29,2,7,-1.401027352,2.52122794
sub-045,30,3,4,-0.971319282,0.353724517
sub-045,31,3,4,-0.971319282,0.353724517
sub-045,32,2,6,-1.401027352,1.798726799
sub-045,33,2,5,-1.401027352,1.076225658
sub-045,34,2,4,-1.401027352,0.353724517
sub-045,35,3,5,-0.971319282,1.076225658
sub-045,36,2,5,-1.401027352,1.076225658
sub-045,37,3,4,-0.971319282,0.353724517
sub-045,38,3,6,-0.971319282,1.798726799
sub-045,39,3,4,-0.971319282,0.353724517
sub-045,40,2,5,-1.401027352,1.076225658
sub-045,41,3,5,-0.971319282,1.076225658
sub-045,42,3,4,-0.971319282,0.353724517
sub-045,43,3,2,-0.971319282,-1.091277765
sub-045,44,2,3,-1.401027352,-0.368776624
sub-045,45,4,4,-0.541611213,0.353724517
sub-045,46,3,2,-0.971319282,-1.091277765
sub-045,47,2,6,-1.401027352,1.798726799
sub-045,48,3,5,-0.971319282,1.076225658
sub-045,49,8,3,1.177221066,-0.368776624
sub-045,50,8,2,1.177221066,-1.091277765
sub-045,51,7,3,0.747512996,-0.368776624
sub-045,52,7,2,0.747512996,-1.091277765
sub-045,53,7,2,0.747512996,-1.091277765
sub-045,54,8,5,1.177221066,1.076225658
sub-045,55,9,7,1.606929135,2.52122794
sub-045,56,7,2,0.747512996,-1.091277765
sub-045,57,6,3,0.317804927,-0.368776624
sub-045,58,8,3,1.177221066,-0.368776624
sub-045,59,9,5,1.606929135,1.076225658
sub-045,60,7,3,0.747512996,-0.368776624
sub-045,61,8,3,1.177221066,-0.368776624
sub-045,62,8,3,1.177221066,-0.368776624
sub-045,63,8,4,1.177221066,0.353724517
sub-045,64,8,3,1.177221066,-0.368776624
sub-045,65,6,2,0.317804927,-1.091277765
sub-045,66,6,2,0.317804927,-1.091277765
sub-045,67,6,2,0.317804927,-1.091277765
sub-045,68,7,3,0.747512996,-0.368776624
sub-045,69,6,2,0.317804927,-1.091277765
sub-045,70,6,2,0.317804927,-1.091277765
sub-045,71,6,2,0.317804927,-1.091277765
sub-045,72,6,2,0.317804927,-1.091277765
sub-045,73,5,4,-0.111903143,0.353724517
sub-045,74,4,3,-0.541611213,-0.368776624
sub-045,75,5,2,-0.111903143,-1.091277765
sub-045,76,3,2,-0.971319282,-1.091277765
sub-045,77,5,2,-0.111903143,-1.091277765
sub-045,78,5,3,-0.111903143,-0.368776624
sub-045,79,5,3,-0.111903143,-0.368776624
sub-045,80,4,2,-0.541611213,-1.091277765
sub-045,81,3,3,-0.971319282,-0.368776624
sub-045,82,4,2,-0.541611213,-1.091277765
sub-045,83,4,2,-0.541611213,-1.091277765
sub-045,84,3,3,-0.971319282,-0.368776624
sub-045,85,3,4,-0.971319282,0.353724517
sub-045,86,3,3,-0.971319282,-0.368776624
sub-045,87,3,4,-0.971319282,0.353724517
sub-045,88,4,3,-0.541611213,-0.368776624
sub-045,89,2,4,-1.401027352,0.353724517
sub-045,90,3,2,-0.971319282,-1.091277765
sub-045,91,4,2,-0.541611213,-1.091277765
sub-045,92,3,3,-0.971319282,-0.368776624
sub-045,93,3,2,-0.971319282,-1.091277765
sub-045,94,2,4,-1.401027352,0.353724517
sub-045,95,3,2,-0.971319282,-1.091277765
sub-045,96,4,2,-0.541611213,-1.091277765
sub-046,1,6,6,0.4201904,0.355016489
sub-046,2,6,5,0.4201904,-0.288032246
sub-046,3,7,5,0.958034112,-0.288032246
sub-046,4,6,6,0.4201904,0.355016489
sub-046,5,6,5,0.4201904,-0.288032246
sub-046,6,8,6,1.495877825,0.355016489
sub-046,7,7,7,0.958034112,0.998065224
sub-046,8,7,8,0.958034112,1.641113959
sub-046,9,8,5,1.495877825,-0.288032246
sub-046,10,6,4,0.4201904,-0.931080981
sub-046,11,7,6,0.958034112,0.355016489
sub-046,12,7,6,0.958034112,0.355016489
sub-046,13,8,4,1.495877825,-0.931080981
sub-046,14,7,6,0.958034112,0.355016489
sub-046,15,7,7,0.958034112,0.998065224
sub-046,16,7,6,0.958034112,0.355016489
sub-046,17,6,3,0.4201904,-1.574129715
sub-046,18,6,6,0.4201904,0.355016489
sub-046,19,6,4,0.4201904,-0.931080981
sub-046,20,5,3,-0.117653312,-1.574129715
sub-046,21,8,6,1.495877825,0.355016489
sub-046,22,7,6,0.958034112,0.355016489
sub-046,23,7,5,0.958034112,-0.288032246
sub-046,24,6,3,0.4201904,-1.574129715
sub-046,25,2,8,-1.731184449,1.641113959
sub-046,26,3,4,-1.193340737,-0.931080981
sub-046,27,2,8,-1.731184449,1.641113959
sub-046,28,3,7,-1.193340737,0.998065224
sub-046,29,3,3,-1.193340737,-1.574129715
sub-046,30,4,4,-0.655497024,-0.931080981
sub-046,31,3,7,-1.193340737,0.998065224
sub-046,32,4,8,-0.655497024,1.641113959
sub-046,33,4,4,-0.655497024,-0.931080981
sub-046,34,3,4,-1.193340737,-0.931080981
sub-046,35,2,7,-1.731184449,0.998065224
sub-046,36,4,6,-0.655497024,0.355016489
sub-046,37,3,5,-1.193340737,-0.288032246
sub-046,38,2,8,-1.731184449,1.641113959
sub-046,39,3,7,-1.193340737,0.998065224
sub-046,40,3,6,-1.193340737,0.355016489
sub-046,41,3,7,-1.193340737,0.998065224
sub-046,42,3,5,-1.193340737,-0.288032246
sub-046,43,2,7,-1.731184449,0.998065224
sub-046,44,4,4,-0.655497024,-0.931080981
sub-046,45,6,4,0.4201904,-0.931080981
sub-046,46,4,6,-0.655497024,0.355016489
sub-046,47,3,6,-1.193340737,0.355016489
sub-046,48,2,7,-1.731184449,0.998065224
sub-046,49,8,6,1.495877825,0.355016489
sub-046,50,7,6,0.958034112,0.355016489
sub-046,51,7,4,0.958034112,-0.931080981
sub-046,52,7,3,0.958034112,-1.574129715
sub-046,53,6,6,0.4201904,0.355016489
sub-046,54,7,6,0.958034112,0.355016489
sub-046,55,8,9,1.495877825,2.284162693
sub-046,56,6,5,0.4201904,-0.288032246
sub-046,57,6,4,0.4201904,-0.931080981
sub-046,58,6,5,0.4201904,-0.288032246
sub-046,59,8,8,1.495877825,1.641113959
sub-046,60,6,7,0.4201904,0.998065224
sub-046,61,7,7,0.958034112,0.998065224
sub-046,62,9,7,2.033721537,0.998065224
sub-046,63,6,6,0.4201904,0.355016489
sub-046,64,7,4,0.958034112,-0.931080981
sub-046,65,7,7,0.958034112,0.998065224
sub-046,66,7,3,0.958034112,-1.574129715
sub-046,67,7,4,0.958034112,-0.931080981
sub-046,68,6,4,0.4201904,-0.931080981
sub-046,69,7,6,0.958034112,0.355016489
sub-046,70,6,4,0.4201904,-0.931080981
sub-046,71,7,2,0.958034112,-2.21717845
sub-046,72,7,5,0.958034112,-0.288032246
sub-046,73,4,4,-0.655497024,-0.931080981
sub-046,74,4,6,-0.655497024,0.355016489
sub-046,75,4,4,-0.655497024,-0.931080981
sub-046,76,7,5,0.958034112,-0.288032246
sub-046,77,4,4,-0.655497024,-0.931080981
sub-046,78,4,3,-0.655497024,-1.574129715
sub-046,79,6,5,0.4201904,-0.288032246
sub-046,80,4,5,-0.655497024,-0.288032246
sub-046,81,4,3,-0.655497024,-1.574129715
sub-046,82,7,6,0.958034112,0.355016489
sub-046,83,4,4,-0.655497024,-0.931080981
sub-046,84,4,3,-0.655497024,-1.574129715
sub-046,85,3,7,-1.193340737,0.998065224
sub-046,86,4,8,-0.655497024,1.641113959
sub-046,87,4,7,-0.655497024,0.998065224
sub-046,88,4,7,-0.655497024,0.998065224
sub-046,89,4,6,-0.655497024,0.355016489
sub-046,90,4,4,-0.655497024,-0.931080981
sub-046,91,4,5,-0.655497024,-0.288032246
sub-046,92,4,6,-0.655497024,0.355016489
sub-046,93,3,5,-1.193340737,-0.288032246
sub-046,94,4,5,-0.655497024,-0.288032246
sub-046,95,2,9,-1.731184449,2.284162693
sub-046,96,4,4,-0.655497024,-0.931080981
